"File.accession"	"File.format"	"File.type"	"File.format.type"	"Output.type"	"File.assembly"	"Experiment.accession"	"Assay"	"Donor.s."	"Biosample.term.id"	"Biosample.term.name"	"Biosample.type"	"Biosample.organism"	"Biosample.treatments"	"Biosample.treatments.amount"	"Biosample.treatments.duration"	"Biosample.genetic.modifications.methods"	"Biosample.genetic.modifications.categories"	"Biosample.genetic.modifications.targets"	"Biosample.genetic.modifications.gene.targets"	"Biosample.genetic.modifications.site.coordinates"	"Biosample.genetic.modifications.zygosity"	"Experiment.target"	"Library.made.from"	"Library.depleted.in"	"Library.extraction.method"	"Library.lysis.method"	"Library.crosslinking.method"	"Library.strand.specific"	"Experiment.date.released"	"Project"	"RBNS.protein.concentration"	"Library.fragmentation.method"	"Library.size.range"	"Biological.replicate.s."	"Technical.replicate.s."	"Read.length"	"Mapped.read.length"	"Run.type"	"Paired.end"	"Paired.with"	"Index.of"	"Derived.from"	"Size"	"Lab"	"md5sum"	"dbxrefs"	"File.download.URL"	"Genome.annotation"	"Platform"	"Controlled.by"	"File.Status"	"s3_uri"	"File.analysis.title"	"File.analysis.status"	"Audit.WARNING"	"Audit.NOT_COMPLIANT"	"Audit.ERROR"	"organ"
"ENCFF797XLF"	"tsv"	"tsv"	NA	"transcript quantifications"	"GRCh38"	"ENCSR398SKD"	"long read RNA-seq"	"/human-donors/ENCDO000AAM/"	"EFO:0002793"	"HL-60"	"cell line"	"Homo sapiens"	"lipopolysaccharide, phorbol 13-acetate 12-myristate, interferon gamma"	"100 μM, 10 μM"	"72 hour, 120 hour"	NA	NA	NA	NA	NA	NA	NA	"polyadenylated mRNA"	NA	NA	NA	NA	"forward"	"2022-02-17"	"ENCODE"	NA	NA	NA	2	"2_1"	NA	NA	NA	NA	NA	NA	"/files/gencode.v29.primary_assembly.annotation_UCSC_names/, /files/ENCFF551HOX/"	33590678	"ENCODE Processing Pipeline"	"c620d4841ac3665690b5da36186836fc"	NA	"https://www.encodeproject.org/files/ENCFF797XLF/@@download/ENCFF797XLF.tsv"	"V29"	NA	NA	"released"	"s3://encode-public/2022/02/11/0a610cad-4a57-45cf-bda6-9ed74bbcbe77/ENCFF797XLF.tsv"	"ENCODE4 v2.0.0 GRCh38 V29"	"released"	NA	NA	NA	"blood"
"ENCFF232ABB"	"tsv"	"tsv"	NA	"transcript quantifications"	"GRCh38"	"ENCSR398SKD"	"long read RNA-seq"	"/human-donors/ENCDO000AAM/"	"EFO:0002793"	"HL-60"	"cell line"	"Homo sapiens"	"lipopolysaccharide, phorbol 13-acetate 12-myristate, interferon gamma"	"100 μM, 10 μM"	"72 hour, 120 hour"	NA	NA	NA	NA	NA	NA	NA	"polyadenylated mRNA"	NA	NA	NA	NA	"forward"	"2022-02-17"	"ENCODE"	NA	NA	NA	1	"1_1"	NA	NA	NA	NA	NA	NA	"/files/ENCFF856OAO/, /files/gencode.v29.primary_assembly.annotation_UCSC_names/"	35936782	"ENCODE Processing Pipeline"	"0d248785db07be509c8c4639bbaf3c34"	NA	"https://www.encodeproject.org/files/ENCFF232ABB/@@download/ENCFF232ABB.tsv"	"V29"	NA	NA	"released"	"s3://encode-public/2022/02/11/fa2ae789-0c23-48b3-b486-b570486d58a1/ENCFF232ABB.tsv"	"ENCODE4 v2.0.0 GRCh38 V29"	"released"	NA	NA	NA	"blood"
"ENCFF852UXJ"	"tsv"	"tsv"	NA	"transcript quantifications"	"GRCh38"	"ENCSR546DFO"	"long read RNA-seq"	"/human-donors/ENCDO000AAM/"	"EFO:0002793"	"HL-60"	"cell line"	"Homo sapiens"	"phorbol 13-acetate 12-myristate"	"10 μM"	"120 hour"	NA	NA	NA	NA	NA	NA	NA	"polyadenylated mRNA"	NA	NA	NA	NA	"forward"	"2022-02-17"	"ENCODE"	NA	NA	NA	2	"2_1"	NA	NA	NA	NA	NA	NA	"/files/ENCFF624BUU/, /files/gencode.v29.primary_assembly.annotation_UCSC_names/"	35017580	"ENCODE Processing Pipeline"	"34bb88c727d1f5101ff806475c630d7b"	NA	"https://www.encodeproject.org/files/ENCFF852UXJ/@@download/ENCFF852UXJ.tsv"	"V29"	NA	NA	"released"	"s3://encode-public/2022/02/11/3e5eb099-6fd4-417d-bcb8-6e506aac8465/ENCFF852UXJ.tsv"	"ENCODE4 v2.0.0 GRCh38 V29"	"released"	NA	NA	NA	"blood"
"ENCFF566QZV"	"tsv"	"tsv"	NA	"transcript quantifications"	"GRCh38"	"ENCSR546DFO"	"long read RNA-seq"	"/human-donors/ENCDO000AAM/"	"EFO:0002793"	"HL-60"	"cell line"	"Homo sapiens"	"phorbol 13-acetate 12-myristate"	"10 μM"	"120 hour"	NA	NA	NA	NA	NA	NA	NA	"polyadenylated mRNA"	NA	NA	NA	NA	"forward"	"2022-02-17"	"ENCODE"	NA	NA	NA	1	"1_1"	NA	NA	NA	NA	NA	NA	"/files/ENCFF172UBZ/, /files/gencode.v29.primary_assembly.annotation_UCSC_names/"	42331199	"ENCODE Processing Pipeline"	"939c0962018e2ce5733e120697d0491f"	NA	"https://www.encodeproject.org/files/ENCFF566QZV/@@download/ENCFF566QZV.tsv"	"V29"	NA	NA	"released"	"s3://encode-public/2022/02/11/ee6b5af5-5637-4e8c-ae3b-c3cad34a3576/ENCFF566QZV.tsv"	"ENCODE4 v2.0.0 GRCh38 V29"	"released"	NA	NA	NA	"blood"
"ENCFF913EVH"	"tsv"	"tsv"	NA	"transcript quantifications"	"GRCh38"	"ENCSR121FDE"	"long read RNA-seq"	"/human-donors/ENCDO000AAM/"	"EFO:0002793"	"HL-60"	"cell line"	"Homo sapiens"	"lipopolysaccharide, phorbol 13-acetate 12-myristate, interferon gamma"	"100 μM, 10 μM"	"12 hour, 120 hour"	NA	NA	NA	NA	NA	NA	NA	"polyadenylated mRNA"	NA	NA	NA	NA	"forward"	"2022-02-17"	"ENCODE"	NA	NA	NA	1	"1_1"	NA	NA	NA	NA	NA	NA	"/files/ENCFF535QSI/, /files/gencode.v29.primary_assembly.annotation_UCSC_names/"	19544213	"ENCODE Processing Pipeline"	"8a4f345e4d133d248a03d7b8b5432e2d"	NA	"https://www.encodeproject.org/files/ENCFF913EVH/@@download/ENCFF913EVH.tsv"	"V29"	NA	NA	"released"	"s3://encode-public/2022/02/11/18e15969-6d11-4001-8d18-62b7a15410cd/ENCFF913EVH.tsv"	"ENCODE4 v2.0.0 GRCh38 V29"	"released"	NA	NA	NA	"blood"
"ENCFF741LGS"	"tsv"	"tsv"	NA	"transcript quantifications"	"GRCh38"	"ENCSR121FDE"	"long read RNA-seq"	"/human-donors/ENCDO000AAM/"	"EFO:0002793"	"HL-60"	"cell line"	"Homo sapiens"	"lipopolysaccharide, phorbol 13-acetate 12-myristate, interferon gamma"	"100 μM, 10 μM"	"12 hour, 120 hour"	NA	NA	NA	NA	NA	NA	NA	"polyadenylated mRNA"	NA	NA	NA	NA	"forward"	"2022-02-17"	"ENCODE"	NA	NA	NA	2	"2_1"	NA	NA	NA	NA	NA	NA	"/files/gencode.v29.primary_assembly.annotation_UCSC_names/, /files/ENCFF294TRC/"	20284065	"ENCODE Processing Pipeline"	"15ac498b24fabbe296845efe594b5e0a"	NA	"https://www.encodeproject.org/files/ENCFF741LGS/@@download/ENCFF741LGS.tsv"	"V29"	NA	NA	"released"	"s3://encode-public/2022/02/11/ebc17162-3b12-40cb-9530-1430413d4932/ENCFF741LGS.tsv"	"ENCODE4 v2.0.0 GRCh38 V29"	"released"	NA	NA	NA	"blood"
"ENCFF530VZV"	"tsv"	"tsv"	NA	"transcript quantifications"	"GRCh38"	"ENCSR159ICU"	"long read RNA-seq"	"/human-donors/ENCDO000AAM/"	"EFO:0002793"	"HL-60"	"cell line"	"Homo sapiens"	"interleukin-4, phorbol 13-acetate 12-myristate, interleukin-13"	"10 μM"	"72 hour, 120 hour"	NA	NA	NA	NA	NA	NA	NA	"polyadenylated mRNA"	NA	NA	NA	NA	"forward"	"2022-02-17"	"ENCODE"	NA	NA	NA	1	"1_1"	NA	NA	NA	NA	NA	NA	"/files/gencode.v29.primary_assembly.annotation_UCSC_names/, /files/ENCFF103QSB/"	29486029	"ENCODE Processing Pipeline"	"2a379728993574f274fa5b27f784c084"	NA	"https://www.encodeproject.org/files/ENCFF530VZV/@@download/ENCFF530VZV.tsv"	"V29"	NA	NA	"released"	"s3://encode-public/2022/02/11/b5c88eae-3217-4bbb-bce6-d0234c40f065/ENCFF530VZV.tsv"	"ENCODE4 v2.0.0 GRCh38 V29"	"released"	NA	NA	NA	"blood"
"ENCFF991XFZ"	"tsv"	"tsv"	NA	"transcript quantifications"	"GRCh38"	"ENCSR159ICU"	"long read RNA-seq"	"/human-donors/ENCDO000AAM/"	"EFO:0002793"	"HL-60"	"cell line"	"Homo sapiens"	"interleukin-4, phorbol 13-acetate 12-myristate, interleukin-13"	"10 μM"	"72 hour, 120 hour"	NA	NA	NA	NA	NA	NA	NA	"polyadenylated mRNA"	NA	NA	NA	NA	"forward"	"2022-02-17"	"ENCODE"	NA	NA	NA	2	"2_1"	NA	NA	NA	NA	NA	NA	"/files/ENCFF950CCD/, /files/gencode.v29.primary_assembly.annotation_UCSC_names/"	26534669	"ENCODE Processing Pipeline"	"8559c309f6e00819fa204ed9963ce3ad"	NA	"https://www.encodeproject.org/files/ENCFF991XFZ/@@download/ENCFF991XFZ.tsv"	"V29"	NA	NA	"released"	"s3://encode-public/2022/02/11/086e1ee5-59a1-48c7-9d76-6a817543b3a4/ENCFF991XFZ.tsv"	"ENCODE4 v2.0.0 GRCh38 V29"	"released"	NA	NA	NA	"blood"
"ENCFF520TRF"	"tsv"	"tsv"	NA	"transcript quantifications"	"GRCh38"	"ENCSR930GRQ"	"long read RNA-seq"	"/human-donors/ENCDO000AAM/"	"EFO:0002793"	"HL-60"	"cell line"	"Homo sapiens"	"interleukin-4, phorbol 13-acetate 12-myristate, interleukin-13"	"10 μM"	"24 hour, 120 hour"	NA	NA	NA	NA	NA	NA	NA	"polyadenylated mRNA"	NA	NA	NA	NA	"forward"	"2022-02-17"	"ENCODE"	NA	NA	NA	1	"1_1"	NA	NA	NA	NA	NA	NA	"/files/gencode.v29.primary_assembly.annotation_UCSC_names/, /files/ENCFF832PKO/"	21471055	"ENCODE Processing Pipeline"	"4636bd67a81bf5593eaf167700759772"	NA	"https://www.encodeproject.org/files/ENCFF520TRF/@@download/ENCFF520TRF.tsv"	"V29"	NA	NA	"released"	"s3://encode-public/2022/02/11/d4237246-aa7f-445f-bfcf-f2fd79978ace/ENCFF520TRF.tsv"	"ENCODE4 v2.0.0 GRCh38 V29"	"released"	NA	NA	NA	"blood"
"ENCFF015JEP"	"tsv"	"tsv"	NA	"transcript quantifications"	"GRCh38"	"ENCSR930GRQ"	"long read RNA-seq"	"/human-donors/ENCDO000AAM/"	"EFO:0002793"	"HL-60"	"cell line"	"Homo sapiens"	"interleukin-4, phorbol 13-acetate 12-myristate, interleukin-13"	"10 μM"	"24 hour, 120 hour"	NA	NA	NA	NA	NA	NA	NA	"polyadenylated mRNA"	NA	NA	NA	NA	"forward"	"2022-02-17"	"ENCODE"	NA	NA	NA	2	"2_1"	NA	NA	NA	NA	NA	NA	"/files/ENCFF893MWY/, /files/gencode.v29.primary_assembly.annotation_UCSC_names/"	18262138	"ENCODE Processing Pipeline"	"52d0be4b0d45af8644d722f7ea2ab311"	NA	"https://www.encodeproject.org/files/ENCFF015JEP/@@download/ENCFF015JEP.tsv"	"V29"	NA	NA	"released"	"s3://encode-public/2022/02/11/a035491e-a318-4272-89c2-d2b15e70c3d5/ENCFF015JEP.tsv"	"ENCODE4 v2.0.0 GRCh38 V29"	"released"	NA	NA	NA	"blood"
"ENCFF275JBU"	"tsv"	"tsv"	NA	"transcript quantifications"	"GRCh38"	"ENCSR583KAF"	"long read RNA-seq"	"/human-donors/ENCDO000AAM/"	"EFO:0002793"	"HL-60"	"cell line"	"Homo sapiens"	"lipopolysaccharide, phorbol 13-acetate 12-myristate, interferon gamma"	"100 μM, 10 μM"	"24 hour, 120 hour"	NA	NA	NA	NA	NA	NA	NA	"polyadenylated mRNA"	NA	NA	NA	NA	"forward"	"2022-02-17"	"ENCODE"	NA	NA	NA	1	"1_1"	NA	NA	NA	NA	NA	NA	"/files/gencode.v29.primary_assembly.annotation_UCSC_names/, /files/ENCFF531AEO/"	16401446	"ENCODE Processing Pipeline"	"32ef6349a717425430bf5fb9a71bf016"	NA	"https://www.encodeproject.org/files/ENCFF275JBU/@@download/ENCFF275JBU.tsv"	"V29"	NA	NA	"released"	"s3://encode-public/2022/02/11/738a51ca-7f3c-4fee-9235-7e0e59fe966d/ENCFF275JBU.tsv"	"ENCODE4 v2.0.0 GRCh38 V29"	"released"	NA	NA	NA	"blood"
"ENCFF961NRS"	"tsv"	"tsv"	NA	"transcript quantifications"	"GRCh38"	"ENCSR583KAF"	"long read RNA-seq"	"/human-donors/ENCDO000AAM/"	"EFO:0002793"	"HL-60"	"cell line"	"Homo sapiens"	"lipopolysaccharide, phorbol 13-acetate 12-myristate, interferon gamma"	"100 μM, 10 μM"	"24 hour, 120 hour"	NA	NA	NA	NA	NA	NA	NA	"polyadenylated mRNA"	NA	NA	NA	NA	"forward"	"2022-02-17"	"ENCODE"	NA	NA	NA	2	"2_1"	NA	NA	NA	NA	NA	NA	"/files/gencode.v29.primary_assembly.annotation_UCSC_names/, /files/ENCFF074AZE/"	17897607	"ENCODE Processing Pipeline"	"d2f0ee70eebe31c6c56b3db35fe66515"	NA	"https://www.encodeproject.org/files/ENCFF961NRS/@@download/ENCFF961NRS.tsv"	"V29"	NA	NA	"released"	"s3://encode-public/2022/02/11/bb3c93dd-73cb-4863-ba52-b760d1f7b8d7/ENCFF961NRS.tsv"	"ENCODE4 v2.0.0 GRCh38 V29"	"released"	NA	NA	NA	"blood"
"ENCFF201PIX"	"tsv"	"tsv"	NA	"transcript quantifications"	"GRCh38"	"ENCSR278ZPI"	"long read RNA-seq"	"/human-donors/ENCDO000AAM/"	"EFO:0002793"	"HL-60"	"cell line"	"Homo sapiens"	"interleukin-4, phorbol 13-acetate 12-myristate, interleukin-13"	"10 μM"	"12 hour, 120 hour"	NA	NA	NA	NA	NA	NA	NA	"polyadenylated mRNA"	NA	NA	NA	NA	"forward"	"2022-02-17"	"ENCODE"	NA	NA	NA	2	"2_1"	NA	NA	NA	NA	NA	NA	"/files/gencode.v29.primary_assembly.annotation_UCSC_names/, /files/ENCFF945VII/"	17148365	"ENCODE Processing Pipeline"	"ba6c8c19c1a85587df84a90cb9308458"	NA	"https://www.encodeproject.org/files/ENCFF201PIX/@@download/ENCFF201PIX.tsv"	"V29"	NA	NA	"released"	"s3://encode-public/2022/02/11/2d4bc955-24fa-42b0-9b78-c9cb17805a0e/ENCFF201PIX.tsv"	"ENCODE4 v2.0.0 GRCh38 V29"	"released"	NA	NA	NA	"blood"
"ENCFF972FWW"	"tsv"	"tsv"	NA	"transcript quantifications"	"GRCh38"	"ENCSR278ZPI"	"long read RNA-seq"	"/human-donors/ENCDO000AAM/"	"EFO:0002793"	"HL-60"	"cell line"	"Homo sapiens"	"interleukin-4, phorbol 13-acetate 12-myristate, interleukin-13"	"10 μM"	"12 hour, 120 hour"	NA	NA	NA	NA	NA	NA	NA	"polyadenylated mRNA"	NA	NA	NA	NA	"forward"	"2022-02-17"	"ENCODE"	NA	NA	NA	1	"1_1"	NA	NA	NA	NA	NA	NA	"/files/gencode.v29.primary_assembly.annotation_UCSC_names/, /files/ENCFF215GZH/"	17872717	"ENCODE Processing Pipeline"	"8302c21e35e02623082d771ef642256c"	NA	"https://www.encodeproject.org/files/ENCFF972FWW/@@download/ENCFF972FWW.tsv"	"V29"	NA	NA	"released"	"s3://encode-public/2022/02/11/91dad682-f732-479a-ad64-46593beef1a5/ENCFF972FWW.tsv"	"ENCODE4 v2.0.0 GRCh38 V29"	"released"	NA	NA	NA	"blood"
"ENCFF909ICR"	"tsv"	"tsv"	NA	"transcript quantifications"	"GRCh38"	"ENCSR887LTD"	"long read RNA-seq"	"/human-donors/ENCDO000AAM/"	"EFO:0002793"	"HL-60"	"cell line"	"Homo sapiens"	""	""	""	NA	NA	NA	NA	NA	NA	NA	"polyadenylated mRNA"	NA	NA	NA	NA	"unstranded"	"2020-07-30"	"ENCODE"	NA	NA	NA	2	"2_1"	NA	NA	NA	NA	NA	NA	"/files/ENCFF600MGT/, /files/gencode.v29.primary_assembly.annotation_UCSC_names/"	23094107	"ENCODE Processing Pipeline"	"9d838064c7d326b14cff11a537e35554"	NA	"https://www.encodeproject.org/files/ENCFF909ICR/@@download/ENCFF909ICR.tsv"	"V29"	NA	NA	"released"	"s3://encode-public/2020/07/25/94e059a0-b9c6-4b4a-8717-f82d5f586a5b/ENCFF909ICR.tsv"	"ENCODE4 v2.0.0 GRCh38 V29"	"released"	NA	NA	NA	"blood"
"ENCFF310RKT"	"tsv"	"tsv"	NA	"transcript quantifications"	"GRCh38"	"ENCSR887LTD"	"long read RNA-seq"	"/human-donors/ENCDO000AAM/"	"EFO:0002793"	"HL-60"	"cell line"	"Homo sapiens"	""	""	""	NA	NA	NA	NA	NA	NA	NA	"polyadenylated mRNA"	NA	NA	NA	NA	"unstranded"	"2020-07-30"	"ENCODE"	NA	NA	NA	1	"1_1"	NA	NA	NA	NA	NA	NA	"/files/ENCFF810FRP/, /files/gencode.v29.primary_assembly.annotation_UCSC_names/"	23975586	"ENCODE Processing Pipeline"	"14973b092a7aafdf68d503b22edd8ee5"	NA	"https://www.encodeproject.org/files/ENCFF310RKT/@@download/ENCFF310RKT.tsv"	"V29"	NA	NA	"released"	"s3://encode-public/2020/07/25/1dceb3c7-41d8-4854-b20e-ad488e1edfc0/ENCFF310RKT.tsv"	"ENCODE4 v2.0.0 GRCh38 V29"	"released"	NA	NA	NA	"blood"
"ENCFF532XQF"	"tsv"	"tsv"	NA	"transcript quantifications"	"GRCh38"	"ENCSR700EBI"	"long read RNA-seq"	"/human-donors/ENCDO575WHY/"	"UBERON:0000947"	"aorta"	"tissue"	"Homo sapiens"	NA	NA	NA	NA	NA	NA	NA	NA	NA	NA	"polyadenylated mRNA"	NA	NA	NA	NA	"unstranded"	"2021-06-10"	"ENCODE"	NA	NA	NA	1	"1_1"	NA	NA	NA	NA	NA	NA	"/files/ENCFF099TJN/, /files/gencode.v29.primary_assembly.annotation_UCSC_names/"	27875503	"ENCODE Processing Pipeline"	"4c4cba21f3b447438d51a423d12e37f3"	NA	"https://www.encodeproject.org/files/ENCFF532XQF/@@download/ENCFF532XQF.tsv"	"V29"	NA	NA	"released"	"s3://encode-public/2021/04/07/d66c9d9b-8534-4160-9664-54025b9053c7/ENCFF532XQF.tsv"	"ENCODE4 v2.0.0 GRCh38 V29"	"released"	NA	NA	NA	"blood_vessel"
"ENCFF185TTU"	"tsv"	"tsv"	NA	"transcript quantifications"	"GRCh38"	"ENCSR853YZN"	"long read RNA-seq"	"/human-donors/ENCDO528BHB/"	"UBERON:0001072"	"posterior vena cava"	"tissue"	"Homo sapiens"	NA	NA	NA	NA	NA	NA	NA	NA	NA	NA	"polyadenylated mRNA"	NA	NA	NA	NA	"unstranded"	"2021-06-10"	"ENCODE"	NA	NA	NA	1	"1_1"	NA	NA	NA	NA	NA	NA	"/files/ENCFF693YCD/, /files/gencode.v29.primary_assembly.annotation_UCSC_names/"	15310014	"ENCODE Processing Pipeline"	"54bdd2ef713338df9cfc43521a32a890"	NA	"https://www.encodeproject.org/files/ENCFF185TTU/@@download/ENCFF185TTU.tsv"	"V29"	NA	NA	"released"	"s3://encode-public/2021/04/07/31437fd8-3040-4f12-8041-509c9b739938/ENCFF185TTU.tsv"	"ENCODE4 v2.0.0 GRCh38 V29"	"released"	NA	NA	NA	"blood_vessel"
"ENCFF062CHV"	"tsv"	"tsv"	NA	"transcript quantifications"	"GRCh38"	"ENCSR687RWI"	"long read RNA-seq"	"/human-donors/ENCDO628LXZ/"	"CL:0002618"	"endothelial cell of umbilical vein"	"primary cell"	"Homo sapiens"	NA	NA	NA	NA	NA	NA	NA	NA	NA	NA	"polyadenylated mRNA"	NA	NA	NA	NA	"forward"	"2021-12-13"	"ENCODE"	NA	NA	NA	1	"1_1"	NA	NA	NA	NA	NA	NA	"/files/gencode.v29.primary_assembly.annotation_UCSC_names/, /files/ENCFF049QIP/"	25180092	"ENCODE Processing Pipeline"	"e05cc495f0e585a3b3ec4751d50d3be7"	NA	"https://www.encodeproject.org/files/ENCFF062CHV/@@download/ENCFF062CHV.tsv"	"V29"	NA	NA	"released"	"s3://encode-public/2021/12/13/56025587-5b6f-4eb4-b537-3939cd888686/ENCFF062CHV.tsv"	"ENCODE4 v2.0.0 GRCh38 V29"	"released"	NA	NA	NA	"blood_vessel"
"ENCFF997SQD"	"tsv"	"tsv"	NA	"transcript quantifications"	"GRCh38"	"ENCSR687RWI"	"long read RNA-seq"	"/human-donors/ENCDO628LXZ/"	"CL:0002618"	"endothelial cell of umbilical vein"	"primary cell"	"Homo sapiens"	NA	NA	NA	NA	NA	NA	NA	NA	NA	NA	"polyadenylated mRNA"	NA	NA	NA	NA	"forward"	"2021-12-13"	"ENCODE"	NA	NA	NA	2	"2_1"	NA	NA	NA	NA	NA	NA	"/files/ENCFF600UQU/, /files/gencode.v29.primary_assembly.annotation_UCSC_names/"	25642816	"ENCODE Processing Pipeline"	"f4c37d4dba4801ba1bb9d2e90f488167"	NA	"https://www.encodeproject.org/files/ENCFF997SQD/@@download/ENCFF997SQD.tsv"	"V29"	NA	NA	"released"	"s3://encode-public/2021/12/13/e8ba7d12-6776-4b5f-842f-f256126745cb/ENCFF997SQD.tsv"	"ENCODE4 v2.0.0 GRCh38 V29"	"released"	NA	NA	NA	"blood_vessel"
"ENCFF138OIV"	"tsv"	"tsv"	NA	"transcript quantifications"	"GRCh38"	"ENCSR425HFS"	"long read RNA-seq"	"/human-donors/ENCDO856ZOJ/"	"UBERON:0000947"	"aorta"	"tissue"	"Homo sapiens"	NA	NA	NA	NA	NA	NA	NA	NA	NA	NA	"polyadenylated mRNA"	NA	NA	NA	NA	"unstranded"	"2020-07-30"	"ENCODE"	NA	NA	NA	1	"1_1"	NA	NA	NA	NA	NA	NA	"/files/gencode.v29.primary_assembly.annotation_UCSC_names/, /files/ENCFF745HHL/"	28067346	"ENCODE Processing Pipeline"	"5ca782a194b8c9f1fc81a1d6930a6549"	NA	"https://www.encodeproject.org/files/ENCFF138OIV/@@download/ENCFF138OIV.tsv"	"V29"	NA	NA	"released"	"s3://encode-public/2020/07/25/d8f65107-cb40-4829-a9d5-14a77fef1456/ENCFF138OIV.tsv"	"ENCODE4 v2.0.0 GRCh38 V29"	"released"	NA	NA	NA	"blood_vessel"
"ENCFF760WCA"	"tsv"	"tsv"	NA	"transcript quantifications"	"GRCh38"	"ENCSR138TAS"	"long read RNA-seq"	"/human-donors/ENCDO856ZOJ/"	"UBERON:0001072"	"posterior vena cava"	"tissue"	"Homo sapiens"	NA	NA	NA	NA	NA	NA	NA	NA	NA	NA	"polyadenylated mRNA"	NA	NA	NA	NA	"unstranded"	"2020-07-30"	"ENCODE"	NA	NA	NA	1	"1_1"	NA	NA	NA	NA	NA	NA	"/files/ENCFF472TSL/, /files/gencode.v29.primary_assembly.annotation_UCSC_names/"	16183950	"ENCODE Processing Pipeline"	"4a6575e93ca773ea4af805cb7fdcd95f"	NA	"https://www.encodeproject.org/files/ENCFF760WCA/@@download/ENCFF760WCA.tsv"	"V29"	NA	NA	"released"	"s3://encode-public/2020/07/25/2a434f76-579c-494d-b506-a4a5fa54d91c/ENCFF760WCA.tsv"	"ENCODE4 v2.0.0 GRCh38 V29"	"released"	NA	NA	NA	"blood_vessel"
"ENCFF771XYK"	"tsv"	"tsv"	NA	"transcript quantifications"	"GRCh38"	"ENCSR697ASE"	"long read RNA-seq"	"/human-donors/ENCDO470GFA/"	"UBERON:0006483"	"middle frontal area 46"	"tissue"	"Homo sapiens"	NA	NA	NA	NA	NA	NA	NA	NA	NA	NA	"polyadenylated mRNA"	NA	NA	NA	NA	"forward"	"2022-04-07"	"ENCODE"	NA	NA	NA	1	"1_1"	NA	NA	NA	NA	NA	NA	"/files/gencode.v29.primary_assembly.annotation_UCSC_names/, /files/ENCFF406GQU/"	42953118	"ENCODE Processing Pipeline"	"5dcf2a97bee726f9384374ce47955ceb"	NA	"https://www.encodeproject.org/files/ENCFF771XYK/@@download/ENCFF771XYK.tsv"	"V29"	NA	NA	"released"	"s3://encode-public/2022/03/29/72ce9c31-f960-44c2-8cc5-3e51380e6d8a/ENCFF771XYK.tsv"	"ENCODE4 v2.0.0 GRCh38 V29"	"released"	NA	NA	NA	"brain"
"ENCFF197DZP"	"tsv"	"tsv"	NA	"transcript quantifications"	"GRCh38"	"ENCSR205QMF"	"long read RNA-seq"	"/human-donors/ENCDO669IVL/"	"UBERON:0006483"	"middle frontal area 46"	"tissue"	"Homo sapiens"	NA	NA	NA	NA	NA	NA	NA	NA	NA	NA	"polyadenylated mRNA"	NA	NA	NA	NA	"forward"	"2022-04-07"	"ENCODE"	NA	NA	NA	1	"1_1"	NA	NA	NA	NA	NA	NA	"/files/gencode.v29.primary_assembly.annotation_UCSC_names/, /files/ENCFF279ABL/"	22808096	"ENCODE Processing Pipeline"	"0344d447772eb7f3bcec589003f186d1"	NA	"https://www.encodeproject.org/files/ENCFF197DZP/@@download/ENCFF197DZP.tsv"	"V29"	NA	NA	"released"	"s3://encode-public/2022/03/29/cc64c53b-c182-44ec-b6ae-fd653dd38164/ENCFF197DZP.tsv"	"ENCODE4 v2.0.0 GRCh38 V29"	"released"	NA	NA	NA	"brain"
"ENCFF509ZIC"	"tsv"	"tsv"	NA	"transcript quantifications"	"GRCh38"	"ENCSR169YNI"	"long read RNA-seq"	"/human-donors/ENCDO218FFZ/"	"UBERON:0006483"	"middle frontal area 46"	"tissue"	"Homo sapiens"	NA	NA	NA	NA	NA	NA	NA	NA	NA	NA	"polyadenylated mRNA"	NA	NA	NA	NA	"forward"	"2022-04-07"	"ENCODE"	NA	NA	NA	1	"1_1"	NA	NA	NA	NA	NA	NA	"/files/ENCFF114VSO/, /files/gencode.v29.primary_assembly.annotation_UCSC_names/"	27254733	"ENCODE Processing Pipeline"	"a82a8d006ed1fc67344afd3e53875ae6"	NA	"https://www.encodeproject.org/files/ENCFF509ZIC/@@download/ENCFF509ZIC.tsv"	"V29"	NA	NA	"released"	"s3://encode-public/2022/04/05/00eb816d-fed6-4ef6-ae4a-afc72f6e7806/ENCFF509ZIC.tsv"	"ENCODE4 v2.0.0 GRCh38 V29"	"released"	NA	NA	NA	"brain"
"ENCFF124RDD"	"tsv"	"tsv"	NA	"transcript quantifications"	"GRCh38"	"ENCSR094NFM"	"long read RNA-seq"	"/human-donors/ENCDO250PFZ/"	"UBERON:0006483"	"middle frontal area 46"	"tissue"	"Homo sapiens"	NA	NA	NA	NA	NA	NA	NA	NA	NA	NA	"polyadenylated mRNA"	NA	NA	NA	NA	"forward"	"2022-04-07"	"ENCODE"	NA	NA	NA	1	"1_1"	NA	NA	NA	NA	NA	NA	"/files/ENCFF773RAW/, /files/gencode.v29.primary_assembly.annotation_UCSC_names/"	14452893	"ENCODE Processing Pipeline"	"9dccfe13f35ea5571893302ea9173273"	NA	"https://www.encodeproject.org/files/ENCFF124RDD/@@download/ENCFF124RDD.tsv"	"V29"	NA	NA	"released"	"s3://encode-public/2022/03/29/4bbd9386-49f6-4911-89d7-d83844d338d0/ENCFF124RDD.tsv"	"ENCODE4 v2.0.0 GRCh38 V29"	"released"	NA	NA	NA	"brain"
"ENCFF015EMC"	"tsv"	"tsv"	NA	"transcript quantifications"	"GRCh38"	"ENCSR462COR"	"long read RNA-seq"	"/human-donors/ENCDO730UYW/"	"UBERON:0006483"	"middle frontal area 46"	"tissue"	"Homo sapiens"	NA	NA	NA	NA	NA	NA	NA	NA	NA	NA	"polyadenylated mRNA"	NA	NA	NA	NA	"forward"	"2022-04-07"	"ENCODE"	NA	NA	NA	1	"1_1"	NA	NA	NA	NA	NA	NA	"/files/gencode.v29.primary_assembly.annotation_UCSC_names/, /files/ENCFF678TEN/"	28569642	"ENCODE Processing Pipeline"	"44b4ae3b6c7140b6a15b1384ec3ccb3e"	NA	"https://www.encodeproject.org/files/ENCFF015EMC/@@download/ENCFF015EMC.tsv"	"V29"	NA	NA	"released"	"s3://encode-public/2022/04/05/e271bb9c-e498-4a08-bfab-2546f52a57e7/ENCFF015EMC.tsv"	"ENCODE4 v2.0.0 GRCh38 V29"	"released"	NA	NA	NA	"brain"
"ENCFF107YAW"	"tsv"	"tsv"	NA	"transcript quantifications"	"GRCh38"	"ENCSR463IDK"	"long read RNA-seq"	"/human-donors/ENCDO609ZOG/"	"UBERON:0006483"	"middle frontal area 46"	"tissue"	"Homo sapiens"	NA	NA	NA	NA	NA	NA	NA	NA	NA	NA	"polyadenylated mRNA"	NA	NA	NA	NA	"forward"	"2022-04-07"	"ENCODE"	NA	NA	NA	1	"1_1"	NA	NA	NA	NA	NA	NA	"/files/gencode.v29.primary_assembly.annotation_UCSC_names/, /files/ENCFF222UTL/"	33943861	"ENCODE Processing Pipeline"	"616522fcdc1904021962a5d654e310fb"	NA	"https://www.encodeproject.org/files/ENCFF107YAW/@@download/ENCFF107YAW.tsv"	"V29"	NA	NA	"released"	"s3://encode-public/2022/03/29/f555f85f-1aa3-4e63-871e-8dae3f43ca4c/ENCFF107YAW.tsv"	"ENCODE4 v2.0.0 GRCh38 V29"	"released"	NA	NA	NA	"brain"
"ENCFF457BBP"	"tsv"	"tsv"	NA	"transcript quantifications"	"GRCh38"	"ENCSR316ZTD"	"long read RNA-seq"	"/human-donors/ENCDO597SRH/"	"UBERON:0006483"	"middle frontal area 46"	"tissue"	"Homo sapiens"	NA	NA	NA	NA	NA	NA	NA	NA	NA	NA	"polyadenylated mRNA"	NA	NA	NA	NA	"forward"	"2022-04-07"	"ENCODE"	NA	NA	NA	1	"1_1"	NA	NA	NA	NA	NA	NA	"/files/ENCFF564ONS/, /files/gencode.v29.primary_assembly.annotation_UCSC_names/"	40610765	"ENCODE Processing Pipeline"	"f01359eeb747ece78c0f7ea03f406456"	NA	"https://www.encodeproject.org/files/ENCFF457BBP/@@download/ENCFF457BBP.tsv"	"V29"	NA	NA	"released"	"s3://encode-public/2022/03/29/75d7e858-1944-4b61-81a4-9bdc365475a3/ENCFF457BBP.tsv"	"ENCODE4 v2.0.0 GRCh38 V29"	"released"	NA	NA	NA	"brain"
"ENCFF367FEB"	"tsv"	"tsv"	NA	"transcript quantifications"	"GRCh38"	"ENCSR257YUB"	"long read RNA-seq"	"/human-donors/ENCDO197QVG/"	"UBERON:0006483"	"middle frontal area 46"	"tissue"	"Homo sapiens"	NA	NA	NA	NA	NA	NA	NA	NA	NA	NA	"polyadenylated mRNA"	NA	NA	NA	NA	"forward"	"2022-04-07"	"ENCODE"	NA	NA	NA	1	"1_1"	NA	NA	NA	NA	NA	NA	"/files/ENCFF877QJZ/, /files/gencode.v29.primary_assembly.annotation_UCSC_names/"	39329703	"ENCODE Processing Pipeline"	"7cae733ffddfaf7c4b1a42e8226ce87b"	NA	"https://www.encodeproject.org/files/ENCFF367FEB/@@download/ENCFF367FEB.tsv"	"V29"	NA	NA	"released"	"s3://encode-public/2022/03/29/c8000755-77ae-4e12-bbb3-0dd861aac9ec/ENCFF367FEB.tsv"	"ENCODE4 v2.0.0 GRCh38 V29"	"released"	NA	NA	NA	"brain"
"ENCFF482LTF"	"tsv"	"tsv"	NA	"transcript quantifications"	"GRCh38"	"ENCSR690QHM"	"long read RNA-seq"	"/human-donors/ENCDO223NTQ/"	"UBERON:0006483"	"middle frontal area 46"	"tissue"	"Homo sapiens"	NA	NA	NA	NA	NA	NA	NA	NA	NA	NA	"polyadenylated mRNA"	NA	NA	NA	NA	"forward"	"2022-04-07"	"ENCODE"	NA	NA	NA	1	"1_1"	NA	NA	NA	NA	NA	NA	"/files/gencode.v29.primary_assembly.annotation_UCSC_names/, /files/ENCFF378STM/"	35079248	"ENCODE Processing Pipeline"	"3f1fb28dd6b8e50d07ebbe9b19177b3d"	NA	"https://www.encodeproject.org/files/ENCFF482LTF/@@download/ENCFF482LTF.tsv"	"V29"	NA	NA	"released"	"s3://encode-public/2022/03/29/10d764bf-01d8-490a-ad0e-50b2b2ef04d5/ENCFF482LTF.tsv"	"ENCODE4 v2.0.0 GRCh38 V29"	"released"	NA	NA	NA	"brain"
"ENCFF102ZHS"	"tsv"	"tsv"	NA	"transcript quantifications"	"GRCh38"	"ENCSR309IKK"	"long read RNA-seq"	"/human-donors/ENCDO882UJI/"	"EFO:0009747"	"WTC11"	"cell line"	"Homo sapiens"	NA	NA	NA	NA	NA	NA	NA	NA	NA	NA	"capped mRNA"	NA	NA	NA	NA	"unstranded"	"04/05/2021"	"community"	NA	NA	NA	2	"2_1"	NA	NA	NA	NA	NA	NA	"/files/ENCFF586RUA/, /files/gencode.v29.primary_assembly.annotation_UCSC_names/"	7489301	"ENCODE Processing Pipeline"	"4ce7dfacd5163d3753b54e5b8696aaed"	NA	"https://www.encodeproject.org/files/ENCFF102ZHS/@@download/ENCFF102ZHS.tsv"	"V29"	NA	NA	"released"	"s3://encode-public/2021/09/27/cf4a2b60-3e1b-4432-85f0-65228c2af57b/ENCFF102ZHS.tsv"	"ENCODE4 v2.0.0 GRCh38 V29"	"released"	NA	""	NA	"connective_tissue"
"ENCFF339ROG"	"tsv"	"tsv"	NA	"transcript quantifications"	"GRCh38"	"ENCSR309IKK"	"long read RNA-seq"	"/human-donors/ENCDO882UJI/"	"EFO:0009747"	"WTC11"	"cell line"	"Homo sapiens"	NA	NA	NA	NA	NA	NA	NA	NA	NA	NA	"capped mRNA"	NA	NA	NA	NA	"unstranded"	"04/05/2021"	"community"	NA	NA	NA	1	"1_1"	NA	NA	NA	NA	NA	NA	"/files/ENCFF041RNG/, /files/gencode.v29.primary_assembly.annotation_UCSC_names/"	8260058	"ENCODE Processing Pipeline"	"46b5759e35ba54f693fa3100f0ddf9b4"	NA	"https://www.encodeproject.org/files/ENCFF339ROG/@@download/ENCFF339ROG.tsv"	"V29"	NA	NA	"released"	"s3://encode-public/2021/09/27/052c7fd5-e9e2-4222-b8c4-ad108dcf3c01/ENCFF339ROG.tsv"	"ENCODE4 v2.0.0 GRCh38 V29"	"released"	NA	""	NA	"connective_tissue"
"ENCFF820FIC"	"tsv"	"tsv"	NA	"transcript quantifications"	"GRCh38"	"ENCSR309IKK"	"long read RNA-seq"	"/human-donors/ENCDO882UJI/"	"EFO:0009747"	"WTC11"	"cell line"	"Homo sapiens"	NA	NA	NA	NA	NA	NA	NA	NA	NA	NA	"capped mRNA"	NA	NA	NA	NA	"unstranded"	"04/05/2021"	"community"	NA	NA	NA	3	"3_1"	NA	NA	NA	NA	NA	NA	"/files/ENCFF866EVJ/, /files/gencode.v29.primary_assembly.annotation_UCSC_names/"	10021908	"ENCODE Processing Pipeline"	"536463305b123f18ff8b93a73fbcb754"	NA	"https://www.encodeproject.org/files/ENCFF820FIC/@@download/ENCFF820FIC.tsv"	"V29"	NA	NA	"released"	"s3://encode-public/2021/09/27/0a8df906-8ec5-40f1-b131-d66c7ad7df7c/ENCFF820FIC.tsv"	"ENCODE4 v2.0.0 GRCh38 V29"	"released"	NA	""	NA	"connective_tissue"
"ENCFF803XYM"	"tsv"	"tsv"	NA	"transcript quantifications"	"GRCh38"	"ENCSR507JOF"	"long read RNA-seq"	"/human-donors/ENCDO882UJI/"	"EFO:0009747"	"WTC11"	"cell line"	"Homo sapiens"	NA	NA	NA	NA	NA	NA	NA	NA	NA	NA	"polyadenylated mRNA"	NA	NA	NA	NA	"unstranded"	"04/05/2021"	"ENCODE"	NA	NA	NA	1	"1_1"	NA	NA	NA	NA	NA	NA	"/files/gencode.v29.primary_assembly.annotation_UCSC_names/, /files/ENCFF373TKM/"	33895273	"ENCODE Processing Pipeline"	"c122cfd4c1e6cbdd0bc7a3a21292e562"	NA	"https://www.encodeproject.org/files/ENCFF803XYM/@@download/ENCFF803XYM.tsv"	"V29"	NA	NA	"released"	"s3://encode-public/2021/09/27/2dbe0ec8-9260-46ce-9d4e-3d88b9355a1a/ENCFF803XYM.tsv"	"ENCODE4 v2.0.0 GRCh38 V29"	"released"	NA	""	NA	"connective_tissue"
"ENCFF486EKE"	"tsv"	"tsv"	NA	"transcript quantifications"	"GRCh38"	"ENCSR507JOF"	"long read RNA-seq"	"/human-donors/ENCDO882UJI/"	"EFO:0009747"	"WTC11"	"cell line"	"Homo sapiens"	NA	NA	NA	NA	NA	NA	NA	NA	NA	NA	"polyadenylated mRNA"	NA	NA	NA	NA	"unstranded"	"04/05/2021"	"ENCODE"	NA	NA	NA	3	"3_1"	NA	NA	NA	NA	NA	NA	"/files/gencode.v29.primary_assembly.annotation_UCSC_names/, /files/ENCFF388HXU/"	36898333	"ENCODE Processing Pipeline"	"0f66575306c109c11cf1488c337fce55"	NA	"https://www.encodeproject.org/files/ENCFF486EKE/@@download/ENCFF486EKE.tsv"	"V29"	NA	NA	"released"	"s3://encode-public/2021/09/27/5197ba55-ba0a-4cbf-a496-0fcd4103a5df/ENCFF486EKE.tsv"	"ENCODE4 v2.0.0 GRCh38 V29"	"released"	NA	""	NA	"connective_tissue"
"ENCFF527KWD"	"tsv"	"tsv"	NA	"transcript quantifications"	"GRCh38"	"ENCSR507JOF"	"long read RNA-seq"	"/human-donors/ENCDO882UJI/"	"EFO:0009747"	"WTC11"	"cell line"	"Homo sapiens"	NA	NA	NA	NA	NA	NA	NA	NA	NA	NA	"polyadenylated mRNA"	NA	NA	NA	NA	"unstranded"	"04/05/2021"	"ENCODE"	NA	NA	NA	2	"2_1"	NA	NA	NA	NA	NA	NA	"/files/gencode.v29.primary_assembly.annotation_UCSC_names/, /files/ENCFF985LGZ/"	21042167	"ENCODE Processing Pipeline"	"2f38cf227b11f8c45d8439d95ccc6cc4"	NA	"https://www.encodeproject.org/files/ENCFF527KWD/@@download/ENCFF527KWD.tsv"	"V29"	NA	NA	"released"	"s3://encode-public/2021/09/27/33db43ea-8792-4aea-84ca-417cfd337c6a/ENCFF527KWD.tsv"	"ENCODE4 v2.0.0 GRCh38 V29"	"released"	NA	""	NA	"connective_tissue"
"ENCFF762MRM"	"tsv"	"tsv"	NA	"transcript quantifications"	"GRCh38"	"ENCSR470HYQ"	"long read RNA-seq"	"/human-donors/ENCDO222AAA/"	"CL:0000138"	"chondrocyte"	"in vitro differentiated cells"	"Homo sapiens"	NA	NA	NA	NA	NA	NA	NA	NA	NA	NA	"polyadenylated mRNA"	NA	NA	NA	NA	"forward"	"02/08/2021"	"ENCODE"	NA	NA	NA	3	"3_1"	NA	NA	NA	NA	NA	NA	"/files/ENCFF439BVT/, /files/gencode.v29.primary_assembly.annotation_UCSC_names/"	16972455	"ENCODE Processing Pipeline"	"0b2d8ba2e0cada3f32e2f87607a3190f"	NA	"https://www.encodeproject.org/files/ENCFF762MRM/@@download/ENCFF762MRM.tsv"	"V29"	NA	NA	"released"	"s3://encode-public/2021/07/20/4866523b-bda7-42b1-94b7-2b3aa01f1d2c/ENCFF762MRM.tsv"	"ENCODE4 v2.0.0 GRCh38 V29"	"released"	NA	""	NA	"connective_tissue"
"ENCFF974COB"	"tsv"	"tsv"	NA	"transcript quantifications"	"GRCh38"	"ENCSR470HYQ"	"long read RNA-seq"	"/human-donors/ENCDO222AAA/"	"CL:0000138"	"chondrocyte"	"in vitro differentiated cells"	"Homo sapiens"	NA	NA	NA	NA	NA	NA	NA	NA	NA	NA	"polyadenylated mRNA"	NA	NA	NA	NA	"forward"	"02/08/2021"	"ENCODE"	NA	NA	NA	1	"1_1"	NA	NA	NA	NA	NA	NA	"/files/ENCFF545CXA/, /files/gencode.v29.primary_assembly.annotation_UCSC_names/"	13261320	"ENCODE Processing Pipeline"	"b2f572b59ab2c1fdf0f85521e289b22a"	NA	"https://www.encodeproject.org/files/ENCFF974COB/@@download/ENCFF974COB.tsv"	"V29"	NA	NA	"released"	"s3://encode-public/2021/07/20/763d176a-76c8-4f62-88bc-7b7cb29d326a/ENCFF974COB.tsv"	"ENCODE4 v2.0.0 GRCh38 V29"	"released"	NA	""	NA	"connective_tissue"
"ENCFF967AVZ"	"tsv"	"tsv"	NA	"transcript quantifications"	"GRCh38"	"ENCSR470HYQ"	"long read RNA-seq"	"/human-donors/ENCDO222AAA/"	"CL:0000138"	"chondrocyte"	"in vitro differentiated cells"	"Homo sapiens"	NA	NA	NA	NA	NA	NA	NA	NA	NA	NA	"polyadenylated mRNA"	NA	NA	NA	NA	"forward"	"02/08/2021"	"ENCODE"	NA	NA	NA	2	"2_1"	NA	NA	NA	NA	NA	NA	"/files/ENCFF469ATL/, /files/gencode.v29.primary_assembly.annotation_UCSC_names/"	15114019	"ENCODE Processing Pipeline"	"5da50634fb684d6b170eb5427c86def3"	NA	"https://www.encodeproject.org/files/ENCFF967AVZ/@@download/ENCFF967AVZ.tsv"	"V29"	NA	NA	"released"	"s3://encode-public/2021/07/20/fb8d571b-d327-4257-b5d5-86b7baafb926/ENCFF967AVZ.tsv"	"ENCODE4 v2.0.0 GRCh38 V29"	"released"	NA	""	NA	"connective_tissue"
"ENCFF731AYN"	"tsv"	"tsv"	NA	"transcript quantifications"	"GRCh38"	"ENCSR296PQZ"	"long read RNA-seq"	"/human-donors/ENCDO222AAA/"	"CL:0000137"	"osteocyte"	"in vitro differentiated cells"	"Homo sapiens"	NA	NA	NA	NA	NA	NA	NA	NA	NA	NA	"polyadenylated mRNA"	NA	NA	NA	NA	"unstranded"	"20/02/2021"	"ENCODE"	NA	NA	NA	2	"2_1"	NA	NA	NA	NA	NA	NA	"/files/ENCFF558QPF/, /files/gencode.v29.primary_assembly.annotation_UCSC_names/"	18661899	"ENCODE Processing Pipeline"	"feb3080e40d317b227860a9bed680d73"	NA	"https://www.encodeproject.org/files/ENCFF731AYN/@@download/ENCFF731AYN.tsv"	"V29"	NA	NA	"released"	"s3://encode-public/2021/01/23/3c12e553-db34-47e6-8633-ad6d018b70a8/ENCFF731AYN.tsv"	"ENCODE4 v2.0.0 GRCh38 V29"	"released"	NA	""	NA	"connective_tissue"
"ENCFF169LGK"	"tsv"	"tsv"	NA	"transcript quantifications"	"GRCh38"	"ENCSR296PQZ"	"long read RNA-seq"	"/human-donors/ENCDO222AAA/"	"CL:0000137"	"osteocyte"	"in vitro differentiated cells"	"Homo sapiens"	NA	NA	NA	NA	NA	NA	NA	NA	NA	NA	"polyadenylated mRNA"	NA	NA	NA	NA	"unstranded"	"20/02/2021"	"ENCODE"	NA	NA	NA	1	"1_1"	NA	NA	NA	NA	NA	NA	"/files/ENCFF925MYC/, /files/gencode.v29.primary_assembly.annotation_UCSC_names/"	21456141	"ENCODE Processing Pipeline"	"1151b2b1ab5f67fe3ffd25a18fded843"	NA	"https://www.encodeproject.org/files/ENCFF169LGK/@@download/ENCFF169LGK.tsv"	"V29"	NA	NA	"released"	"s3://encode-public/2021/01/23/e6de86c0-5504-49de-bef2-7a061549541d/ENCFF169LGK.tsv"	"ENCODE4 v2.0.0 GRCh38 V29"	"released"	NA	""	NA	"connective_tissue"
"ENCFF244YTX"	"tsv"	"tsv"	NA	"transcript quantifications"	"GRCh38"	"ENCSR113MEY"	"long read RNA-seq"	"/human-donors/ENCDO000AAX/"	"EFO:0001196"	"IMR-90"	"cell line"	"Homo sapiens"	NA	NA	NA	NA	NA	NA	NA	NA	NA	NA	"polyadenylated mRNA"	NA	NA	NA	NA	"unstranded"	"20/02/2021"	"ENCODE"	NA	NA	NA	1	"1_1"	NA	NA	NA	NA	NA	NA	"/files/gencode.v29.primary_assembly.annotation_UCSC_names/, /files/ENCFF545PJV/"	17392385	"ENCODE Processing Pipeline"	"d36ec44379997a3b16d129a1a5d1b622"	NA	"https://www.encodeproject.org/files/ENCFF244YTX/@@download/ENCFF244YTX.tsv"	"V29"	NA	NA	"released"	"s3://encode-public/2021/01/26/2c8b8cd4-4358-498b-b55b-8b8e25ce43d5/ENCFF244YTX.tsv"	"ENCODE4 v2.0.0 GRCh38 V29"	"released"	NA	"unreplicated experiment"	NA	"connective_tissue"
"ENCFF704ZHX"	"tsv"	"tsv"	NA	"transcript quantifications"	"GRCh38"	"ENCSR648QZP"	"long read RNA-seq"	"/human-donors/ENCDO856ZOJ/"	"UBERON:0015143"	"mesenteric fat pad"	"tissue"	"Homo sapiens"	NA	NA	NA	NA	NA	NA	NA	NA	NA	NA	"polyadenylated mRNA"	NA	NA	NA	NA	"unstranded"	"30/07/2020"	"ENCODE"	NA	NA	NA	1	"1_1"	NA	NA	NA	NA	NA	NA	"/files/gencode.v29.primary_assembly.annotation_UCSC_names/, /files/ENCFF971JDY/"	26086966	"ENCODE Processing Pipeline"	"8f4092e51e4832da7416f2099ab63eff"	NA	"https://www.encodeproject.org/files/ENCFF704ZHX/@@download/ENCFF704ZHX.tsv"	"V29"	NA	NA	"released"	"s3://encode-public/2020/07/25/2ca7b2e8-0671-49aa-b34f-f963b0718527/ENCFF704ZHX.tsv"	"ENCODE4 v2.0.0 GRCh38 V29"	"released"	NA	""	NA	"connective_tissue"
"ENCFF562LMR"	"tsv"	"tsv"	NA	"transcript quantifications"	"GRCh38"	"ENCSR902GAF"	"long read RNA-seq"	"/human-donors/ENCDO737WWC/"	"EFO:0009318"	"HFFc6"	"cell line"	"Homo sapiens"	NA	NA	NA	NA	NA	NA	NA	NA	NA	NA	"polyadenylated mRNA"	NA	NA	NA	NA	"unstranded"	"05/12/2019"	"ENCODE"	NA	NA	NA	1	"1_1"	NA	NA	NA	NA	NA	NA	"/files/ENCFF914XOH/, /files/gencode.v29.primary_assembly.annotation_UCSC_names/"	13171207	"ENCODE Processing Pipeline"	"2ba040a7e91888f9d6a4d3050ed7084b"	NA	"https://www.encodeproject.org/files/ENCFF562LMR/@@download/ENCFF562LMR.tsv"	"V29"	NA	NA	"released"	"s3://encode-public/2020/08/07/70d9eb2b-e5dd-42f6-9260-0b361f682871/ENCFF562LMR.tsv"	"ENCODE4 v2.0.0 GRCh38 V29"	"released"	NA	""	NA	"connective_tissue"
"ENCFF829VDB"	"tsv"	"tsv"	NA	"transcript quantifications"	"GRCh38"	"ENCSR902GAF"	"long read RNA-seq"	"/human-donors/ENCDO737WWC/"	"EFO:0009318"	"HFFc6"	"cell line"	"Homo sapiens"	NA	NA	NA	NA	NA	NA	NA	NA	NA	NA	"polyadenylated mRNA"	NA	NA	NA	NA	"unstranded"	"05/12/2019"	"ENCODE"	NA	NA	NA	2	"2_1"	NA	NA	NA	NA	NA	NA	"/files/gencode.v29.primary_assembly.annotation_UCSC_names/, /files/ENCFF016SHE/"	12965559	"ENCODE Processing Pipeline"	"2ef19f4c85a3cdf1c6de1cd2de563d0b"	NA	"https://www.encodeproject.org/files/ENCFF829VDB/@@download/ENCFF829VDB.tsv"	"V29"	NA	NA	"released"	"s3://encode-public/2020/08/07/1b0474b3-1f2d-4d66-ab1e-2b7bd1c96317/ENCFF829VDB.tsv"	"ENCODE4 v2.0.0 GRCh38 V29"	"released"	NA	""	NA	"connective_tissue"
"ENCFF052MMO"	"tsv"	"tsv"	NA	"transcript quantifications"	"GRCh38"	"ENCSR902GAF"	"long read RNA-seq"	"/human-donors/ENCDO737WWC/"	"EFO:0009318"	"HFFc6"	"cell line"	"Homo sapiens"	NA	NA	NA	NA	NA	NA	NA	NA	NA	NA	"polyadenylated mRNA"	NA	NA	NA	NA	"unstranded"	"05/12/2019"	"ENCODE"	NA	NA	NA	3	"3_1"	NA	NA	NA	NA	NA	NA	"/files/gencode.v29.primary_assembly.annotation_UCSC_names/, /files/ENCFF479EHE/"	11208547	"ENCODE Processing Pipeline"	"b81bacf180b61c8ac0ad693dd8458457"	NA	"https://www.encodeproject.org/files/ENCFF052MMO/@@download/ENCFF052MMO.tsv"	"V29"	NA	NA	"released"	"s3://encode-public/2020/08/07/f492a2a8-85bd-470b-9631-133ab1309c4f/ENCFF052MMO.tsv"	"ENCODE4 v2.0.0 GRCh38 V29"	"released"	NA	""	NA	"connective_tissue"
"ENCFF640HEE"	"tsv"	"tsv"	NA	"transcript quantifications"	"GRCh38"	"ENCSR127HKN"	"long read RNA-seq"	"/human-donors/ENCDO000AAW/"	"CL:0000223"	"endodermal cell"	"in vitro differentiated cells"	"Homo sapiens"	NA	NA	NA	NA	NA	NA	NA	NA	NA	NA	"polyadenylated mRNA"	NA	NA	NA	NA	"forward"	"08/10/2021"	"ENCODE"	NA	NA	NA	1	"1_1"	NA	NA	NA	NA	NA	NA	"/files/gencode.v29.primary_assembly.annotation_UCSC_names/, /files/ENCFF362CPC/"	22457312	"ENCODE Processing Pipeline"	"92056b020e007c5ced753f4b19469a9f"	NA	"https://www.encodeproject.org/files/ENCFF640HEE/@@download/ENCFF640HEE.tsv"	"V29"	NA	NA	"released"	"s3://encode-public/2022/02/16/8ad59493-5fd7-418f-bd89-9a4464ac7fc3/ENCFF640HEE.tsv"	"ENCODE4 v2.0.0 GRCh38 V29"	"released"	""	NA	NA	"embryo"
"ENCFF396JNE"	"tsv"	"tsv"	NA	"transcript quantifications"	"GRCh38"	"ENCSR127HKN"	"long read RNA-seq"	"/human-donors/ENCDO000AAW/"	"CL:0000223"	"endodermal cell"	"in vitro differentiated cells"	"Homo sapiens"	NA	NA	NA	NA	NA	NA	NA	NA	NA	NA	"polyadenylated mRNA"	NA	NA	NA	NA	"forward"	"08/10/2021"	"ENCODE"	NA	NA	NA	3	"3_1"	NA	NA	NA	NA	NA	NA	"/files/gencode.v29.primary_assembly.annotation_UCSC_names/, /files/ENCFF940WVU/"	23372314	"ENCODE Processing Pipeline"	"6d8e607b5e06184720129cfad51795ba"	NA	"https://www.encodeproject.org/files/ENCFF396JNE/@@download/ENCFF396JNE.tsv"	"V29"	NA	NA	"released"	"s3://encode-public/2022/02/16/982ab6ea-3fb8-4f13-852f-39f7c93c791d/ENCFF396JNE.tsv"	"ENCODE4 v2.0.0 GRCh38 V29"	"released"	""	NA	NA	"embryo"
"ENCFF613VBC"	"tsv"	"tsv"	NA	"transcript quantifications"	"GRCh38"	"ENCSR127HKN"	"long read RNA-seq"	"/human-donors/ENCDO000AAW/"	"CL:0000223"	"endodermal cell"	"in vitro differentiated cells"	"Homo sapiens"	NA	NA	NA	NA	NA	NA	NA	NA	NA	NA	"polyadenylated mRNA"	NA	NA	NA	NA	"forward"	"08/10/2021"	"ENCODE"	NA	NA	NA	2	"2_1"	NA	NA	NA	NA	NA	NA	"/files/gencode.v29.primary_assembly.annotation_UCSC_names/, /files/ENCFF168AZV/"	19157748	"ENCODE Processing Pipeline"	"9c30a029fb9e4094ee1067b28e7ae9c2"	NA	"https://www.encodeproject.org/files/ENCFF613VBC/@@download/ENCFF613VBC.tsv"	"V29"	NA	NA	"released"	"s3://encode-public/2022/02/16/706afef4-2d44-41c3-b129-73d891b2f677/ENCFF613VBC.tsv"	"ENCODE4 v2.0.0 GRCh38 V29"	"released"	""	NA	NA	"embryo"
"ENCFF379NFW"	"tsv"	"tsv"	NA	"transcript quantifications"	"GRCh38"	"ENCSR319VGI"	"long read RNA-seq"	"/human-donors/ENCDO000AAW/"	"EFO:0003042"	"H1"	"cell line"	"Homo sapiens"	NA	NA	NA	NA	NA	NA	NA	NA	NA	NA	"capped mRNA"	NA	NA	NA	NA	"forward"	"08/10/2021"	"community"	NA	NA	NA	3	"3_1"	NA	NA	NA	NA	NA	NA	"/files/ENCFF730QOA/, /files/gencode.v29.primary_assembly.annotation_UCSC_names/"	7099960	"ENCODE Processing Pipeline"	"7d9fec5b23a0c651297461624326fd98"	NA	"https://www.encodeproject.org/files/ENCFF379NFW/@@download/ENCFF379NFW.tsv"	"V29"	NA	NA	"released"	"s3://encode-public/2022/02/10/90b10423-bb16-4fa5-a634-9135ee9ca24a/ENCFF379NFW.tsv"	"ENCODE4 v2.0.0 GRCh38 V29"	"released"	""	NA	NA	"embryo"
"ENCFF380ATO"	"tsv"	"tsv"	NA	"transcript quantifications"	"GRCh38"	"ENCSR319VGI"	"long read RNA-seq"	"/human-donors/ENCDO000AAW/"	"EFO:0003042"	"H1"	"cell line"	"Homo sapiens"	NA	NA	NA	NA	NA	NA	NA	NA	NA	NA	"capped mRNA"	NA	NA	NA	NA	"forward"	"08/10/2021"	"community"	NA	NA	NA	1	"1_1"	NA	NA	NA	NA	NA	NA	"/files/ENCFF207FUA/, /files/gencode.v29.primary_assembly.annotation_UCSC_names/"	7427681	"ENCODE Processing Pipeline"	"dfdbf09b54e56c79d6f3c24bbeba0efd"	NA	"https://www.encodeproject.org/files/ENCFF380ATO/@@download/ENCFF380ATO.tsv"	"V29"	NA	NA	"released"	"s3://encode-public/2022/02/10/cb6de8be-e49a-4d67-b396-88b09abdf5e6/ENCFF380ATO.tsv"	"ENCODE4 v2.0.0 GRCh38 V29"	"released"	""	NA	NA	"embryo"
"ENCFF486GOO"	"tsv"	"tsv"	NA	"transcript quantifications"	"GRCh38"	"ENCSR319VGI"	"long read RNA-seq"	"/human-donors/ENCDO000AAW/"	"EFO:0003042"	"H1"	"cell line"	"Homo sapiens"	NA	NA	NA	NA	NA	NA	NA	NA	NA	NA	"capped mRNA"	NA	NA	NA	NA	"forward"	"08/10/2021"	"community"	NA	NA	NA	2	"2_1"	NA	NA	NA	NA	NA	NA	"/files/ENCFF217ERK/, /files/gencode.v29.primary_assembly.annotation_UCSC_names/"	6091752	"ENCODE Processing Pipeline"	"06083065304e4e7bffd7b4ad3d777ee7"	NA	"https://www.encodeproject.org/files/ENCFF486GOO/@@download/ENCFF486GOO.tsv"	"V29"	NA	NA	"released"	"s3://encode-public/2022/02/10/d934d94e-38d2-4a70-88cc-671dcd80330d/ENCFF486GOO.tsv"	"ENCODE4 v2.0.0 GRCh38 V29"	"released"	""	NA	NA	"embryo"
"ENCFF580WQM"	"tsv"	"tsv"	NA	"transcript quantifications"	"GRCh38"	"ENCSR271KEJ"	"long read RNA-seq"	"/human-donors/ENCDO000AAW/"	"EFO:0003042"	"H1"	"cell line"	"Homo sapiens"	NA	NA	NA	NA	NA	NA	NA	NA	NA	NA	"polyadenylated mRNA"	NA	NA	NA	NA	"forward"	"08/10/2021"	"ENCODE"	NA	NA	NA	1	"1_1"	NA	NA	NA	NA	NA	NA	"/files/ENCFF213XDA/, /files/gencode.v29.primary_assembly.annotation_UCSC_names/"	12062023	"ENCODE Processing Pipeline"	"db8923f23707ffc442f6702dac2c66dd"	NA	"https://www.encodeproject.org/files/ENCFF580WQM/@@download/ENCFF580WQM.tsv"	"V29"	NA	NA	"released"	"s3://encode-public/2022/02/10/9c4eb489-891c-4ff2-86fd-d09193cb9c50/ENCFF580WQM.tsv"	"ENCODE4 v2.0.0 GRCh38 V29"	"released"	""	NA	NA	"embryo"
"ENCFF563JZI"	"tsv"	"tsv"	NA	"transcript quantifications"	"GRCh38"	"ENCSR271KEJ"	"long read RNA-seq"	"/human-donors/ENCDO000AAW/"	"EFO:0003042"	"H1"	"cell line"	"Homo sapiens"	NA	NA	NA	NA	NA	NA	NA	NA	NA	NA	"polyadenylated mRNA"	NA	NA	NA	NA	"forward"	"08/10/2021"	"ENCODE"	NA	NA	NA	2	"2_1"	NA	NA	NA	NA	NA	NA	"/files/ENCFF281VKZ/, /files/gencode.v29.primary_assembly.annotation_UCSC_names/"	5361791	"ENCODE Processing Pipeline"	"c1c7dc762fcf2a35829567d760ad49a0"	NA	"https://www.encodeproject.org/files/ENCFF563JZI/@@download/ENCFF563JZI.tsv"	"V29"	NA	NA	"released"	"s3://encode-public/2022/02/10/dd734a57-3bcb-400a-8f10-45cac2f97b60/ENCFF563JZI.tsv"	"ENCODE4 v2.0.0 GRCh38 V29"	"released"	""	NA	NA	"embryo"
"ENCFF014CCY"	"tsv"	"tsv"	NA	"transcript quantifications"	"GRCh38"	"ENCSR271KEJ"	"long read RNA-seq"	"/human-donors/ENCDO000AAW/"	"EFO:0003042"	"H1"	"cell line"	"Homo sapiens"	NA	NA	NA	NA	NA	NA	NA	NA	NA	NA	"polyadenylated mRNA"	NA	NA	NA	NA	"forward"	"08/10/2021"	"ENCODE"	NA	NA	NA	3	"3_1"	NA	NA	NA	NA	NA	NA	"/files/gencode.v29.primary_assembly.annotation_UCSC_names/, /files/ENCFF250BDM/"	18910561	"ENCODE Processing Pipeline"	"901c5c335d6914c37a42aebfec074fdc"	NA	"https://www.encodeproject.org/files/ENCFF014CCY/@@download/ENCFF014CCY.tsv"	"V29"	NA	NA	"released"	"s3://encode-public/2022/02/10/8b0ab1b9-fbcc-433b-91c2-765911fbf099/ENCFF014CCY.tsv"	"ENCODE4 v2.0.0 GRCh38 V29"	"released"	""	NA	NA	"embryo"
"ENCFF246WER"	"tsv"	"tsv"	NA	"transcript quantifications"	"GRCh38"	"ENCSR972ABM"	"long read RNA-seq"	"/human-donors/ENCDO000AAW/"	"CL:0000223"	"endodermal cell"	"in vitro differentiated cells"	"Homo sapiens"	NA	NA	NA	NA	NA	NA	NA	NA	NA	NA	"capped mRNA"	NA	NA	NA	NA	"forward"	"08/10/2021"	"community"	NA	NA	NA	2	"2_1"	NA	NA	NA	NA	NA	NA	"/files/gencode.v29.primary_assembly.annotation_UCSC_names/, /files/ENCFF211JEP/"	9117023	"ENCODE Processing Pipeline"	"3df9c56d9bb8afcaeef8e3096d1d6a61"	NA	"https://www.encodeproject.org/files/ENCFF246WER/@@download/ENCFF246WER.tsv"	"V29"	NA	NA	"released"	"s3://encode-public/2022/02/10/2a41504c-ee98-479d-ad66-5c9d42eddfc6/ENCFF246WER.tsv"	"ENCODE4 v2.0.0 GRCh38 V29"	"released"	""	NA	NA	"embryo"
"ENCFF961URN"	"tsv"	"tsv"	NA	"transcript quantifications"	"GRCh38"	"ENCSR972ABM"	"long read RNA-seq"	"/human-donors/ENCDO000AAW/"	"CL:0000223"	"endodermal cell"	"in vitro differentiated cells"	"Homo sapiens"	NA	NA	NA	NA	NA	NA	NA	NA	NA	NA	"capped mRNA"	NA	NA	NA	NA	"forward"	"08/10/2021"	"community"	NA	NA	NA	1	"1_1"	NA	NA	NA	NA	NA	NA	"/files/ENCFF925PCV/, /files/gencode.v29.primary_assembly.annotation_UCSC_names/"	9171955	"ENCODE Processing Pipeline"	"3cc874561cb687226949a0439250e662"	NA	"https://www.encodeproject.org/files/ENCFF961URN/@@download/ENCFF961URN.tsv"	"V29"	NA	NA	"released"	"s3://encode-public/2022/02/10/557ebb9b-3959-43a1-b99e-6b3ec95059ad/ENCFF961URN.tsv"	"ENCODE4 v2.0.0 GRCh38 V29"	"released"	""	NA	NA	"embryo"
"ENCFF345WJB"	"tsv"	"tsv"	NA	"transcript quantifications"	"GRCh38"	"ENCSR972ABM"	"long read RNA-seq"	"/human-donors/ENCDO000AAW/"	"CL:0000223"	"endodermal cell"	"in vitro differentiated cells"	"Homo sapiens"	NA	NA	NA	NA	NA	NA	NA	NA	NA	NA	"capped mRNA"	NA	NA	NA	NA	"forward"	"08/10/2021"	"community"	NA	NA	NA	3	"3_1"	NA	NA	NA	NA	NA	NA	"/files/gencode.v29.primary_assembly.annotation_UCSC_names/, /files/ENCFF830FDH/"	9117703	"ENCODE Processing Pipeline"	"8e54d9a0331ebc14465a5559bf3ab376"	NA	"https://www.encodeproject.org/files/ENCFF345WJB/@@download/ENCFF345WJB.tsv"	"V29"	NA	NA	"released"	"s3://encode-public/2022/02/10/6f186903-668e-4f67-87a2-bb249686a586/ENCFF345WJB.tsv"	"ENCODE4 v2.0.0 GRCh38 V29"	"released"	""	NA	NA	"embryo"
"ENCFF779DTE"	"tsv"	"tsv"	NA	"transcript quantifications"	"GRCh38"	"ENCSR044ARQ"	"long read RNA-seq"	"/human-donors/ENCDO222AAA/"	"EFO:0003045"	"H9"	"cell line"	"Homo sapiens"	NA	NA	NA	NA	NA	NA	NA	NA	NA	NA	"polyadenylated mRNA"	NA	NA	NA	NA	"unstranded"	"30/07/2020"	"ENCODE"	NA	NA	NA	1	"1_1"	NA	NA	NA	NA	NA	NA	"/files/gencode.v29.primary_assembly.annotation_UCSC_names/, /files/ENCFF292UIE/"	30191105	"ENCODE Processing Pipeline"	"ef03e4acd9e455a5e5f9837823682691"	NA	"https://www.encodeproject.org/files/ENCFF779DTE/@@download/ENCFF779DTE.tsv"	"V29"	NA	NA	"released"	"s3://encode-public/2020/07/25/c99d07b3-0221-46a1-ab13-7636399c59c4/ENCFF779DTE.tsv"	"ENCODE4 v2.0.0 GRCh38 V29"	"released"	""	NA	NA	"embryo"
"ENCFF028IGC"	"tsv"	"tsv"	NA	"transcript quantifications"	"GRCh38"	"ENCSR044ARQ"	"long read RNA-seq"	"/human-donors/ENCDO222AAA/"	"EFO:0003045"	"H9"	"cell line"	"Homo sapiens"	NA	NA	NA	NA	NA	NA	NA	NA	NA	NA	"polyadenylated mRNA"	NA	NA	NA	NA	"unstranded"	"30/07/2020"	"ENCODE"	NA	NA	NA	2	"2_1"	NA	NA	NA	NA	NA	NA	"/files/gencode.v29.primary_assembly.annotation_UCSC_names/, /files/ENCFF738RAA/"	27448158	"ENCODE Processing Pipeline"	"22277b29e5bd31f4778017819836c94d"	NA	"https://www.encodeproject.org/files/ENCFF028IGC/@@download/ENCFF028IGC.tsv"	"V29"	NA	NA	"released"	"s3://encode-public/2020/07/25/1b3d8682-67ab-41d1-b832-dbaf092dae0f/ENCFF028IGC.tsv"	"ENCODE4 v2.0.0 GRCh38 V29"	"released"	""	NA	NA	"embryo"
"ENCFF286KOH"	"tsv"	"tsv"	NA	"transcript quantifications"	"GRCh38"	"ENCSR056MYH"	"long read RNA-seq"	"/human-donors/ENCDO222AAA/"	"CL:0011012"	"neural crest cell"	"in vitro differentiated cells"	"Homo sapiens"	NA	NA	NA	NA	NA	NA	NA	NA	NA	NA	"polyadenylated mRNA"	NA	NA	NA	NA	"unstranded"	"30/07/2020"	"ENCODE"	NA	NA	NA	2	"2_1"	NA	NA	NA	NA	NA	NA	"/files/ENCFF901XCR/, /files/gencode.v29.primary_assembly.annotation_UCSC_names/"	16687401	"ENCODE Processing Pipeline"	"03532bcc11cc74e16b2368f9d91fd204"	NA	"https://www.encodeproject.org/files/ENCFF286KOH/@@download/ENCFF286KOH.tsv"	"V29"	NA	NA	"released"	"s3://encode-public/2020/07/25/55bd5afc-0485-4ff4-85fd-fffc35c54d53/ENCFF286KOH.tsv"	"ENCODE4 v2.0.0 GRCh38 V29"	"released"	""	NA	NA	"embryo"
"ENCFF700KVM"	"tsv"	"tsv"	NA	"transcript quantifications"	"GRCh38"	"ENCSR056MYH"	"long read RNA-seq"	"/human-donors/ENCDO222AAA/"	"CL:0011012"	"neural crest cell"	"in vitro differentiated cells"	"Homo sapiens"	NA	NA	NA	NA	NA	NA	NA	NA	NA	NA	"polyadenylated mRNA"	NA	NA	NA	NA	"unstranded"	"30/07/2020"	"ENCODE"	NA	NA	NA	1	"1_1"	NA	NA	NA	NA	NA	NA	"/files/ENCFF319JFG/, /files/gencode.v29.primary_assembly.annotation_UCSC_names/"	14277100	"ENCODE Processing Pipeline"	"f9f69baf8e4851ad8fb3947b9b8a360f"	NA	"https://www.encodeproject.org/files/ENCFF700KVM/@@download/ENCFF700KVM.tsv"	"V29"	NA	NA	"released"	"s3://encode-public/2020/07/25/be1cfb6b-64ce-43f6-bd17-c48070012433/ENCFF700KVM.tsv"	"ENCODE4 v2.0.0 GRCh38 V29"	"released"	""	NA	NA	"embryo"
"ENCFF916JXJ"	"tsv"	"tsv"	NA	"transcript quantifications"	"GRCh38"	"ENCSR904KAT"	"long read RNA-seq"	"/human-donors/ENCDO222AAA/"	"CL:0000223"	"endodermal cell"	"in vitro differentiated cells"	"Homo sapiens"	NA	NA	NA	NA	NA	NA	NA	NA	NA	NA	"polyadenylated mRNA"	NA	NA	NA	NA	"unstranded"	"30/07/2020"	"ENCODE"	NA	NA	NA	1	"1_1"	NA	NA	NA	NA	NA	NA	"/files/gencode.v29.primary_assembly.annotation_UCSC_names/, /files/ENCFF936VUF/"	26240154	"ENCODE Processing Pipeline"	"56ec9a822ebaff009f10277ed26f712d"	NA	"https://www.encodeproject.org/files/ENCFF916JXJ/@@download/ENCFF916JXJ.tsv"	"V29"	NA	NA	"released"	"s3://encode-public/2020/07/25/5e10b0d7-394a-4d97-826a-2c3aaa95fbbc/ENCFF916JXJ.tsv"	"ENCODE4 v2.0.0 GRCh38 V29"	"released"	""	NA	NA	"embryo"
"ENCFF849BPR"	"tsv"	"tsv"	NA	"transcript quantifications"	"GRCh38"	"ENCSR904KAT"	"long read RNA-seq"	"/human-donors/ENCDO222AAA/"	"CL:0000223"	"endodermal cell"	"in vitro differentiated cells"	"Homo sapiens"	NA	NA	NA	NA	NA	NA	NA	NA	NA	NA	"polyadenylated mRNA"	NA	NA	NA	NA	"unstranded"	"30/07/2020"	"ENCODE"	NA	NA	NA	2	"2_1"	NA	NA	NA	NA	NA	NA	"/files/ENCFF939EUU/, /files/gencode.v29.primary_assembly.annotation_UCSC_names/"	28528331	"ENCODE Processing Pipeline"	"0c6e31caa187da07b9968324b5c86765"	NA	"https://www.encodeproject.org/files/ENCFF849BPR/@@download/ENCFF849BPR.tsv"	"V29"	NA	NA	"released"	"s3://encode-public/2020/07/25/f9ea3213-4d15-4cdc-8e22-80ca4ac22032/ENCFF849BPR.tsv"	"ENCODE4 v2.0.0 GRCh38 V29"	"released"	""	NA	NA	"embryo"
"ENCFF510JWS"	"tsv"	"tsv"	NA	"transcript quantifications"	"GRCh38"	"ENCSR563RLX"	"long read RNA-seq"	"/human-donors/ENCDO575WHY/"	"UBERON:0002369"	"adrenal gland"	"tissue"	"Homo sapiens"	NA	NA	NA	NA	NA	NA	NA	NA	NA	NA	"polyadenylated mRNA"	NA	NA	NA	NA	"forward"	"2021-08-02"	"ENCODE"	NA	NA	NA	1	"1_1"	NA	NA	NA	NA	NA	NA	"/files/gencode.v29.primary_assembly.annotation_UCSC_names/, /files/ENCFF791WUV/"	17688003	"ENCODE Processing Pipeline"	"e236e000b363cacbf62a5f03ac023b17"	NA	"https://www.encodeproject.org/files/ENCFF510JWS/@@download/ENCFF510JWS.tsv"	"V29"	NA	NA	"released"	"s3://encode-public/2021/07/20/b265f68a-3ba3-4bd2-9462-3166861a4676/ENCFF510JWS.tsv"	"ENCODE4 v2.0.0 GRCh38 V29"	"released"	NA	NA	NA	"endocrine_gland"
"ENCFF521YNK"	"tsv"	"tsv"	NA	"transcript quantifications"	"GRCh38"	"ENCSR995WKW"	"long read RNA-seq"	"/human-donors/ENCDO451RUA/"	"UBERON:0002369"	"adrenal gland"	"tissue"	"Homo sapiens"	NA	NA	NA	NA	NA	NA	NA	NA	NA	NA	"polyadenylated mRNA"	NA	NA	NA	NA	"unstranded"	"2021-02-27"	"ENCODE"	NA	NA	NA	1	"1_1"	NA	NA	NA	NA	NA	NA	"/files/ENCFF243PFI/, /files/gencode.v29.primary_assembly.annotation_UCSC_names/"	8585743	"ENCODE Processing Pipeline"	"e54b5d3609f909ddbb70fd67025834d0"	NA	"https://www.encodeproject.org/files/ENCFF521YNK/@@download/ENCFF521YNK.tsv"	"V29"	NA	NA	"released"	"s3://encode-public/2020/07/28/325562f5-36c9-4e46-843c-4fba0e7d7e03/ENCFF521YNK.tsv"	"ENCODE4 v2.0.0 GRCh38 V29"	"released"	NA	NA	NA	"endocrine_gland"
"ENCFF057RHY"	"tsv"	"tsv"	NA	"transcript quantifications"	"GRCh38"	"ENCSR530BOC"	"long read RNA-seq"	"/human-donors/ENCDO222AAA/"	"CL:0002351"	"progenitor cell of endocrine pancreas"	"in vitro differentiated cells"	"Homo sapiens"	NA	NA	NA	NA	NA	NA	NA	NA	NA	NA	"polyadenylated mRNA"	NA	NA	NA	NA	"unstranded"	"2020-07-30"	"ENCODE"	NA	NA	NA	1	"1_1"	NA	NA	NA	NA	NA	NA	"/files/gencode.v29.primary_assembly.annotation_UCSC_names/, /files/ENCFF803KIA/"	23811664	"ENCODE Processing Pipeline"	"3dcdd2113df12791c31b221f0249c654"	NA	"https://www.encodeproject.org/files/ENCFF057RHY/@@download/ENCFF057RHY.tsv"	"V29"	NA	NA	"released"	"s3://encode-public/2020/07/25/c1f20dce-bea2-4b8a-a2cb-b4675a166c1c/ENCFF057RHY.tsv"	"ENCODE4 v2.0.0 GRCh38 V29"	"released"	NA	NA	NA	"endocrine_gland"
"ENCFF810OKQ"	"tsv"	"tsv"	NA	"transcript quantifications"	"GRCh38"	"ENCSR530BOC"	"long read RNA-seq"	"/human-donors/ENCDO222AAA/"	"CL:0002351"	"progenitor cell of endocrine pancreas"	"in vitro differentiated cells"	"Homo sapiens"	NA	NA	NA	NA	NA	NA	NA	NA	NA	NA	"polyadenylated mRNA"	NA	NA	NA	NA	"unstranded"	"2020-07-30"	"ENCODE"	NA	NA	NA	2	"2_1"	NA	NA	NA	NA	NA	NA	"/files/gencode.v29.primary_assembly.annotation_UCSC_names/, /files/ENCFF509GHY/"	18592092	"ENCODE Processing Pipeline"	"11cc953c36e54b1a0667dc3f0d0f9931"	NA	"https://www.encodeproject.org/files/ENCFF810OKQ/@@download/ENCFF810OKQ.tsv"	"V29"	NA	NA	"released"	"s3://encode-public/2020/07/25/d64b35ce-21ef-40ec-9821-e9fb4403d34b/ENCFF810OKQ.tsv"	"ENCODE4 v2.0.0 GRCh38 V29"	"released"	NA	NA	NA	"endocrine_gland"
"ENCFF571UDD"	"tsv"	"tsv"	NA	"transcript quantifications"	"GRCh38"	"ENCSR130CIK"	"long read RNA-seq"	"/human-donors/ENCDO222AAA/"	"CL:0000169"	"type B pancreatic cell"	"in vitro differentiated cells"	"Homo sapiens"	NA	NA	NA	NA	NA	NA	NA	NA	NA	NA	"polyadenylated mRNA"	NA	NA	NA	NA	"unstranded"	"2020-07-30"	"ENCODE"	NA	NA	NA	1	"1_1"	NA	NA	NA	NA	NA	NA	"/files/gencode.v29.primary_assembly.annotation_UCSC_names/, /files/ENCFF058HQU/"	19576810	"ENCODE Processing Pipeline"	"5177254f73a339f1b1487ae42ff66cf3"	NA	"https://www.encodeproject.org/files/ENCFF571UDD/@@download/ENCFF571UDD.tsv"	"V29"	NA	NA	"released"	"s3://encode-public/2020/07/25/783daa49-fc07-4df3-81a8-c6139f5bf494/ENCFF571UDD.tsv"	"ENCODE4 v2.0.0 GRCh38 V29"	"released"	NA	NA	NA	"endocrine_gland"
"ENCFF091PVR"	"tsv"	"tsv"	NA	"transcript quantifications"	"GRCh38"	"ENCSR130CIK"	"long read RNA-seq"	"/human-donors/ENCDO222AAA/"	"CL:0000169"	"type B pancreatic cell"	"in vitro differentiated cells"	"Homo sapiens"	NA	NA	NA	NA	NA	NA	NA	NA	NA	NA	"polyadenylated mRNA"	NA	NA	NA	NA	"unstranded"	"2020-07-30"	"ENCODE"	NA	NA	NA	2	"2_1"	NA	NA	NA	NA	NA	NA	"/files/gencode.v29.primary_assembly.annotation_UCSC_names/, /files/ENCFF973OML/"	21769845	"ENCODE Processing Pipeline"	"2692572687ae27a7200396f7a8e0352f"	NA	"https://www.encodeproject.org/files/ENCFF091PVR/@@download/ENCFF091PVR.tsv"	"V29"	NA	NA	"released"	"s3://encode-public/2020/07/25/959a5609-dd37-4e9a-846e-97e9572cd547/ENCFF091PVR.tsv"	"ENCODE4 v2.0.0 GRCh38 V29"	"released"	NA	NA	NA	"endocrine_gland"
"ENCFF999AKN"	"tsv"	"tsv"	NA	"transcript quantifications"	"GRCh38"	"ENCSR657HJW"	"long read RNA-seq"	"/human-donors/ENCDO575WHY/"	"UBERON:0001114"	"right lobe of liver"	"tissue"	"Homo sapiens"	NA	NA	NA	NA	NA	NA	NA	NA	NA	NA	"polyadenylated mRNA"	NA	NA	NA	NA	"unstranded"	"2021-02-20"	"ENCODE"	NA	NA	NA	1	"1_1"	NA	NA	NA	NA	NA	NA	"/files/gencode.v29.primary_assembly.annotation_UCSC_names/, /files/ENCFF074WRN/"	6655921	"ENCODE Processing Pipeline"	"6d3eec0031a76abe7a4748c9c1212cfb"	NA	"https://www.encodeproject.org/files/ENCFF999AKN/@@download/ENCFF999AKN.tsv"	"V29"	NA	NA	"released"	"s3://encode-public/2020/07/25/e2ae4217-53ef-42b4-bbae-ef0150f98f8c/ENCFF999AKN.tsv"	"ENCODE4 v2.0.0 GRCh38 V29"	"released"	NA	NA	NA	"endocrine_gland"
"ENCFF099JWI"	"tsv"	"tsv"	NA	"transcript quantifications"	"GRCh38"	"ENCSR081NRO"	"long read RNA-seq"	"/human-donors/ENCDO845WKR/"	"UBERON:0002369"	"adrenal gland"	"tissue"	"Homo sapiens"	NA	NA	NA	NA	NA	NA	NA	NA	NA	NA	"polyadenylated mRNA"	NA	NA	NA	NA	"unstranded"	"2021-02-27"	"ENCODE"	NA	NA	NA	1	"1_1"	NA	NA	NA	NA	NA	NA	"/files/gencode.v29.primary_assembly.annotation_UCSC_names/, /files/ENCFF147OYL/"	8681842	"ENCODE Processing Pipeline"	"1082b02171501f4c95397a202ae755ce"	NA	"https://www.encodeproject.org/files/ENCFF099JWI/@@download/ENCFF099JWI.tsv"	"V29"	NA	NA	"released"	"s3://encode-public/2020/07/28/ef70ac0b-2c61-465a-a5ad-083f6da50d3c/ENCFF099JWI.tsv"	"ENCODE4 v2.0.0 GRCh38 V29"	"released"	NA	NA	NA	"endocrine_gland"
"ENCFF258WJK"	"tsv"	"tsv"	NA	"transcript quantifications"	"GRCh38"	"ENCSR293MOX"	"long read RNA-seq"	"/human-donors/ENCDO575EGL/"	"UBERON:0001114"	"right lobe of liver"	"tissue"	"Homo sapiens"	NA	NA	NA	NA	NA	NA	NA	NA	NA	NA	"polyadenylated mRNA"	NA	NA	NA	NA	"unstranded"	"2019-12-05"	"ENCODE"	NA	NA	NA	1	"1_1"	NA	NA	NA	NA	NA	NA	"/files/gencode.v29.primary_assembly.annotation_UCSC_names/, /files/ENCFF158KCA/"	4715948	"ENCODE Processing Pipeline"	"efb63ca290b838f7f4c52467bf3d28dd"	NA	"https://www.encodeproject.org/files/ENCFF258WJK/@@download/ENCFF258WJK.tsv"	"V29"	NA	NA	"released"	"s3://encode-public/2020/08/07/ba23e128-b525-47d4-bea7-70be4906e90a/ENCFF258WJK.tsv"	"ENCODE4 v2.0.0 GRCh38 V29"	"released"	NA	NA	NA	"endocrine_gland"
"ENCFF160SEP"	"tsv"	"tsv"	NA	"transcript quantifications"	"GRCh38"	"ENCSR899GAP"	"long read RNA-seq"	"/human-donors/ENCDO520EJG/"	"NTR:0000492"	"Right ventricle myocardium superior"	"tissue"	"Homo sapiens"	NA	NA	NA	NA	NA	NA	NA	NA	NA	NA	"polyadenylated mRNA"	NA	NA	NA	NA	"unstranded"	"2021-02-20"	"ENCODE"	NA	NA	NA	1	"1_1"	NA	NA	NA	NA	NA	NA	"/files/gencode.v29.primary_assembly.annotation_UCSC_names/, /files/ENCFF840OVC/"	16210203	"ENCODE Processing Pipeline"	"2d01a42a7ed143aa3c98386ea807a2cc"	NA	"https://www.encodeproject.org/files/ENCFF160SEP/@@download/ENCFF160SEP.tsv"	"V29"	NA	NA	"released"	"s3://encode-public/2021/01/23/17b443e6-d89a-44bb-a074-396ea84264db/ENCFF160SEP.tsv"	"ENCODE4 v2.0.0 GRCh38 V29"	"released"	NA	NA	NA	"heart"
"ENCFF867CPW"	"tsv"	"tsv"	NA	"transcript quantifications"	"GRCh38"	"ENCSR549ELD"	"long read RNA-seq"	"/human-donors/ENCDO575WHY/"	"UBERON:0002099"	"cardiac septum"	"tissue"	"Homo sapiens"	NA	NA	NA	NA	NA	NA	NA	NA	NA	NA	"polyadenylated mRNA"	NA	NA	NA	NA	"unstranded"	"2021-06-10"	"ENCODE"	NA	NA	NA	1	"1_1"	NA	NA	NA	NA	NA	NA	"/files/gencode.v29.primary_assembly.annotation_UCSC_names/, /files/ENCFF626QRV/"	24016441	"ENCODE Processing Pipeline"	"63eb72bb875485acd15e83423b34c203"	NA	"https://www.encodeproject.org/files/ENCFF867CPW/@@download/ENCFF867CPW.tsv"	"V29"	NA	NA	"released"	"s3://encode-public/2021/04/07/9f280d7a-a4f4-485b-86f7-5781ef174b82/ENCFF867CPW.tsv"	"ENCODE4 v2.0.0 GRCh38 V29"	"released"	NA	NA	NA	"heart"
"ENCFF491THQ"	"tsv"	"tsv"	NA	"transcript quantifications"	"GRCh38"	"ENCSR435UUS"	"long read RNA-seq"	"/human-donors/ENCDO520EJG/"	"UBERON:0002078"	"right cardiac atrium"	"tissue"	"Homo sapiens"	NA	NA	NA	NA	NA	NA	NA	NA	NA	NA	"polyadenylated mRNA"	NA	NA	NA	NA	"unstranded"	"2021-02-20"	"ENCODE"	NA	NA	NA	1	"1_1"	NA	NA	NA	NA	NA	NA	"/files/gencode.v29.primary_assembly.annotation_UCSC_names/, /files/ENCFF291EKY/"	10752565	"ENCODE Processing Pipeline"	"f8571cee0336614869778290d312b279"	NA	"https://www.encodeproject.org/files/ENCFF491THQ/@@download/ENCFF491THQ.tsv"	"V29"	NA	NA	"released"	"s3://encode-public/2021/01/23/778149fd-4efe-4187-a3a4-ad304e99a36c/ENCFF491THQ.tsv"	"ENCODE4 v2.0.0 GRCh38 V29"	"released"	NA	NA	NA	"heart"
"ENCFF541FGD"	"tsv"	"tsv"	NA	"transcript quantifications"	"GRCh38"	"ENCSR777CCI"	"long read RNA-seq"	"/human-donors/ENCDO520EJG/"	"NTR:0000494"	"left ventricle myocardium superior"	"tissue"	"Homo sapiens"	NA	NA	NA	NA	NA	NA	NA	NA	NA	NA	"polyadenylated mRNA"	NA	NA	NA	NA	"unstranded"	"2021-02-20"	"ENCODE"	NA	NA	NA	1	"1_1"	NA	NA	NA	NA	NA	NA	"/files/ENCFF850YMO/, /files/gencode.v29.primary_assembly.annotation_UCSC_names/"	16274063	"ENCODE Processing Pipeline"	"a50755fe411876d265517e82cdf22acc"	NA	"https://www.encodeproject.org/files/ENCFF541FGD/@@download/ENCFF541FGD.tsv"	"V29"	NA	NA	"released"	"s3://encode-public/2021/01/23/bdb67842-26a9-4396-b261-d6c15b1d2bc4/ENCFF541FGD.tsv"	"ENCODE4 v2.0.0 GRCh38 V29"	"released"	NA	NA	NA	"heart"
"ENCFF977DHG"	"tsv"	"tsv"	NA	"transcript quantifications"	"GRCh38"	"ENCSR782LGT"	"long read RNA-seq"	"/human-donors/ENCDO411EVD/"	"UBERON:0002080"	"heart right ventricle"	"tissue"	"Homo sapiens"	NA	NA	NA	NA	NA	NA	NA	NA	NA	NA	"polyadenylated mRNA"	NA	NA	NA	NA	"unstranded"	"2021-02-20"	"ENCODE"	NA	NA	NA	1	"1_1"	NA	NA	NA	NA	NA	NA	"/files/gencode.v29.primary_assembly.annotation_UCSC_names/, /files/ENCFF660UTF/"	17222822	"ENCODE Processing Pipeline"	"c9679359f0d1139012bd200dd9180982"	NA	"https://www.encodeproject.org/files/ENCFF977DHG/@@download/ENCFF977DHG.tsv"	"V29"	NA	NA	"released"	"s3://encode-public/2021/01/23/ca69f7be-46e5-4170-9e61-9e8f990a9ebe/ENCFF977DHG.tsv"	"ENCODE4 v2.0.0 GRCh38 V29"	"released"	NA	NA	NA	"heart"
"ENCFF290RMA"	"tsv"	"tsv"	NA	"transcript quantifications"	"GRCh38"	"ENCSR984OAE"	"long read RNA-seq"	"/human-donors/ENCDO392CRK/"	"UBERON:0002080"	"heart right ventricle"	"tissue"	"Homo sapiens"	NA	NA	NA	NA	NA	NA	NA	NA	NA	NA	"polyadenylated mRNA"	NA	NA	NA	NA	"unstranded"	"2021-02-20"	"ENCODE"	NA	NA	NA	1	"1_1"	NA	NA	NA	NA	NA	NA	"/files/ENCFF018PZX/, /files/gencode.v29.primary_assembly.annotation_UCSC_names/"	15761382	"ENCODE Processing Pipeline"	"40dfea2d4c20b5cf4ea214281b837a00"	NA	"https://www.encodeproject.org/files/ENCFF290RMA/@@download/ENCFF290RMA.tsv"	"V29"	NA	NA	"released"	"s3://encode-public/2021/01/23/afddbb70-5ca3-4946-96e2-1fb7c76c2673/ENCFF290RMA.tsv"	"ENCODE4 v2.0.0 GRCh38 V29"	"released"	NA	NA	NA	"heart"
"ENCFF973OHW"	"tsv"	"tsv"	NA	"transcript quantifications"	"GRCh38"	"ENCSR514YQN"	"long read RNA-seq"	"/human-donors/ENCDO411EVD/"	"UBERON:0002078"	"right cardiac atrium"	"tissue"	"Homo sapiens"	NA	NA	NA	NA	NA	NA	NA	NA	NA	NA	"polyadenylated mRNA"	NA	NA	NA	NA	"unstranded"	"2021-02-20"	"ENCODE"	NA	NA	NA	1	"1_1"	NA	NA	NA	NA	NA	NA	"/files/ENCFF613SDS/, /files/gencode.v29.primary_assembly.annotation_UCSC_names/"	11223095	"ENCODE Processing Pipeline"	"19bdd5a1a2f04eddfd000cadce2578e6"	NA	"https://www.encodeproject.org/files/ENCFF973OHW/@@download/ENCFF973OHW.tsv"	"V29"	NA	NA	"released"	"s3://encode-public/2021/01/23/c7c2872e-039e-4815-8a73-b641552ddb1e/ENCFF973OHW.tsv"	"ENCODE4 v2.0.0 GRCh38 V29"	"released"	NA	NA	NA	"heart"
"ENCFF118JEA"	"tsv"	"tsv"	NA	"transcript quantifications"	"GRCh38"	"ENCSR728TXV"	"long read RNA-seq"	"/human-donors/ENCDO392CRK/"	"UBERON:0002078"	"right cardiac atrium"	"tissue"	"Homo sapiens"	NA	NA	NA	NA	NA	NA	NA	NA	NA	NA	"polyadenylated mRNA"	NA	NA	NA	NA	"unstranded"	"2021-06-10"	"ENCODE"	NA	NA	NA	1	"1_1"	NA	NA	NA	NA	NA	NA	"/files/gencode.v29.primary_assembly.annotation_UCSC_names/, /files/ENCFF875QHC/"	20924031	"ENCODE Processing Pipeline"	"d4d7512b820f1a33f553cf2f40cbdb8a"	NA	"https://www.encodeproject.org/files/ENCFF118JEA/@@download/ENCFF118JEA.tsv"	"V29"	NA	NA	"released"	"s3://encode-public/2021/04/07/aee811a1-cbaa-4aab-bf1b-18a0c9df999a/ENCFF118JEA.tsv"	"ENCODE4 v2.0.0 GRCh38 V29"	"released"	NA	NA	NA	"heart"
"ENCFF878WXP"	"tsv"	"tsv"	NA	"transcript quantifications"	"GRCh38"	"ENCSR994YZY"	"long read RNA-seq"	"/human-donors/ENCDO392CRK/"	"UBERON:0002084"	"heart left ventricle"	"tissue"	"Homo sapiens"	NA	NA	NA	NA	NA	NA	NA	NA	NA	NA	"polyadenylated mRNA"	NA	NA	NA	NA	"unstranded"	"2021-02-20"	"ENCODE"	NA	NA	NA	1	"1_1"	NA	NA	NA	NA	NA	NA	"/files/ENCFF623IBV/, /files/gencode.v29.primary_assembly.annotation_UCSC_names/"	14092639	"ENCODE Processing Pipeline"	"a40fb5dc837b2a0201cbd66d7d198674"	NA	"https://www.encodeproject.org/files/ENCFF878WXP/@@download/ENCFF878WXP.tsv"	"V29"	NA	NA	"released"	"s3://encode-public/2021/01/23/78fa9761-24f2-4eaa-8a4c-4f2f5278ef5d/ENCFF878WXP.tsv"	"ENCODE4 v2.0.0 GRCh38 V29"	"released"	NA	NA	NA	"heart"
"ENCFF983JOM"	"tsv"	"tsv"	NA	"transcript quantifications"	"GRCh38"	"ENCSR786FLO"	"long read RNA-seq"	"/human-donors/ENCDO520EJG/"	"NTR:0000493"	"left ventricle myocardium inferior"	"tissue"	"Homo sapiens"	NA	NA	NA	NA	NA	NA	NA	NA	NA	NA	"polyadenylated mRNA"	NA	NA	NA	NA	"unstranded"	"2021-02-20"	"ENCODE"	NA	NA	NA	1	"1_1"	NA	NA	NA	NA	NA	NA	"/files/ENCFF132YCF/, /files/gencode.v29.primary_assembly.annotation_UCSC_names/"	16059494	"ENCODE Processing Pipeline"	"4dfde2d16b45466d1f04486a023b3e19"	NA	"https://www.encodeproject.org/files/ENCFF983JOM/@@download/ENCFF983JOM.tsv"	"V29"	NA	NA	"released"	"s3://encode-public/2021/01/23/8681ae5b-6b19-4b21-aa00-1c6f5c750cad/ENCFF983JOM.tsv"	"ENCODE4 v2.0.0 GRCh38 V29"	"released"	NA	NA	NA	"heart"
"ENCFF064VBO"	"tsv"	"tsv"	NA	"transcript quantifications"	"GRCh38"	"ENCSR591OZR"	"long read RNA-seq"	"/human-donors/ENCDO520EJG/"	"NTR:0000491"	"Right ventricle myocardium inferior"	"tissue"	"Homo sapiens"	NA	NA	NA	NA	NA	NA	NA	NA	NA	NA	"polyadenylated mRNA"	NA	NA	NA	NA	"unstranded"	"2021-02-20"	"ENCODE"	NA	NA	NA	1	"1_1"	NA	NA	NA	NA	NA	NA	"/files/gencode.v29.primary_assembly.annotation_UCSC_names/, /files/ENCFF173JOL/"	9010337	"ENCODE Processing Pipeline"	"b5b77ade689934887279a9162bc5b68f"	NA	"https://www.encodeproject.org/files/ENCFF064VBO/@@download/ENCFF064VBO.tsv"	"V29"	NA	NA	"released"	"s3://encode-public/2021/01/23/90f2045b-213d-43d8-a834-2f0e321f19b5/ENCFF064VBO.tsv"	"ENCODE4 v2.0.0 GRCh38 V29"	"released"	NA	NA	NA	"heart"
"ENCFF115LYD"	"tsv"	"tsv"	NA	"transcript quantifications"	"GRCh38"	"ENCSR700XDQ"	"long read RNA-seq"	"/human-donors/ENCDO411EVD/"	"UBERON:0002084"	"heart left ventricle"	"tissue"	"Homo sapiens"	NA	NA	NA	NA	NA	NA	NA	NA	NA	NA	"polyadenylated mRNA"	NA	NA	NA	NA	"unstranded"	"2021-02-20"	"ENCODE"	NA	NA	NA	1	"1_1"	NA	NA	NA	NA	NA	NA	"/files/ENCFF502LAB/, /files/gencode.v29.primary_assembly.annotation_UCSC_names/"	15719830	"ENCODE Processing Pipeline"	"b05a87dd44571f3363b20115570eee2d"	NA	"https://www.encodeproject.org/files/ENCFF115LYD/@@download/ENCFF115LYD.tsv"	"V29"	NA	NA	"released"	"s3://encode-public/2021/01/23/c92f794c-28cf-4efd-a85f-1faed7daf600/ENCFF115LYD.tsv"	"ENCODE4 v2.0.0 GRCh38 V29"	"released"	NA	NA	NA	"heart"
"ENCFF861GRI"	"tsv"	"tsv"	NA	"transcript quantifications"	"GRCh38"	"ENCSR553SVP"	"long read RNA-seq"	"/human-donors/ENCDO856ZOJ/"	"UBERON:0002078"	"right cardiac atrium"	"tissue"	"Homo sapiens"	NA	NA	NA	NA	NA	NA	NA	NA	NA	NA	"polyadenylated mRNA"	NA	NA	NA	NA	"unstranded"	"2020-07-30"	"ENCODE"	NA	NA	NA	1	"1_1"	NA	NA	NA	NA	NA	NA	"/files/gencode.v29.primary_assembly.annotation_UCSC_names/, /files/ENCFF911RNV/"	24953905	"ENCODE Processing Pipeline"	"511c3bfcef74cdf35a82275e43c99aaa"	NA	"https://www.encodeproject.org/files/ENCFF861GRI/@@download/ENCFF861GRI.tsv"	"V29"	NA	NA	"released"	"s3://encode-public/2020/07/25/ebee3e07-bb68-4f05-a093-737a35cb958e/ENCFF861GRI.tsv"	"ENCODE4 v2.0.0 GRCh38 V29"	"released"	NA	NA	NA	"heart"
"ENCFF992VWO"	"tsv"	"tsv"	NA	"transcript quantifications"	"GRCh38"	"ENCSR329ZQG"	"long read RNA-seq"	"/human-donors/ENCDO856ZOJ/"	"UBERON:0002080"	"heart right ventricle"	"tissue"	"Homo sapiens"	NA	NA	NA	NA	NA	NA	NA	NA	NA	NA	"polyadenylated mRNA"	NA	NA	NA	NA	"unstranded"	"2020-07-30"	"ENCODE"	NA	NA	NA	1	"1_1"	NA	NA	NA	NA	NA	NA	"/files/gencode.v29.primary_assembly.annotation_UCSC_names/, /files/ENCFF305AFY/"	20414737	"ENCODE Processing Pipeline"	"9ee1a7c6630ce866dbfd239d65374bfa"	NA	"https://www.encodeproject.org/files/ENCFF992VWO/@@download/ENCFF992VWO.tsv"	"V29"	NA	NA	"released"	"s3://encode-public/2020/07/25/9cb1ea44-b4a8-4cfc-aa73-197832f89295/ENCFF992VWO.tsv"	"ENCODE4 v2.0.0 GRCh38 V29"	"released"	NA	NA	NA	"heart"
"ENCFF391PKR"	"tsv"	"tsv"	NA	"transcript quantifications"	"GRCh38"	"ENCSR194YUY"	"long read RNA-seq"	"/human-donors/ENCDO793LXB/"	"UBERON:0002084"	"heart left ventricle"	"tissue"	"Homo sapiens"	NA	NA	NA	NA	NA	NA	NA	NA	NA	NA	"polyadenylated mRNA"	NA	NA	NA	NA	"unstranded"	"2019-12-05"	"ENCODE"	NA	NA	NA	1	"1_1"	NA	NA	NA	NA	NA	NA	"/files/ENCFF989FKA/, /files/gencode.v29.primary_assembly.annotation_UCSC_names/"	6779347	"ENCODE Processing Pipeline"	"133f3115bb394808476bcd748e1a70c8"	NA	"https://www.encodeproject.org/files/ENCFF391PKR/@@download/ENCFF391PKR.tsv"	"V29"	NA	NA	"released"	"s3://encode-public/2020/08/07/acd63cc4-efac-46b3-a995-4546838332c3/ENCFF391PKR.tsv"	"ENCODE4 v2.0.0 GRCh38 V29"	"released"	NA	NA	NA	"heart"
"ENCFF304FFP"	"tsv"	"tsv"	NA	"transcript quantifications"	"GRCh38"	"ENCSR575LWI"	"long read RNA-seq"	"/human-donors/ENCDO856ZOJ/"	"UBERON:0002084"	"heart left ventricle"	"tissue"	"Homo sapiens"	NA	NA	NA	NA	NA	NA	NA	NA	NA	NA	"polyadenylated mRNA"	NA	NA	NA	NA	"unstranded"	"2020-07-30"	"ENCODE"	NA	NA	NA	1	"1_1"	NA	NA	NA	NA	NA	NA	"/files/gencode.v29.primary_assembly.annotation_UCSC_names/, /files/ENCFF437SYY/"	19780524	"ENCODE Processing Pipeline"	"eb0235f112d61b3a3197819d45bdceb5"	NA	"https://www.encodeproject.org/files/ENCFF304FFP/@@download/ENCFF304FFP.tsv"	"V29"	NA	NA	"released"	"s3://encode-public/2020/07/25/2eeebdcc-7422-4c6d-ab20-9de444cebd58/ENCFF304FFP.tsv"	"ENCODE4 v2.0.0 GRCh38 V29"	"released"	NA	NA	NA	"heart"
"ENCFF334DRC"	"tsv"	"tsv"	NA	"transcript quantifications"	"GRCh38"	"ENCSR424QFN"	"long read RNA-seq"	"/human-donors/ENCDO856ZOJ/"	"UBERON:0002079"	"left cardiac atrium"	"tissue"	"Homo sapiens"	NA	NA	NA	NA	NA	NA	NA	NA	NA	NA	"polyadenylated mRNA"	NA	NA	NA	NA	"unstranded"	"2021-06-10"	"ENCODE"	NA	NA	NA	1	"1_1"	NA	NA	NA	NA	NA	NA	"/files/ENCFF344KQF/, /files/gencode.v29.primary_assembly.annotation_UCSC_names/"	11823653	"ENCODE Processing Pipeline"	"c0c83c145274a87c184d44479c95ec32"	NA	"https://www.encodeproject.org/files/ENCFF334DRC/@@download/ENCFF334DRC.tsv"	"V29"	NA	NA	"released"	"s3://encode-public/2021/04/07/aa630dc6-1935-45ca-8728-0fa781342a6f/ENCFF334DRC.tsv"	"ENCODE4 v2.0.0 GRCh38 V29"	"released"	NA	NA	NA	"heart"
"ENCFF824UPT"	"tsv"	"tsv"	NA	"transcript quantifications"	"GRCh38"	"ENCSR323XND"	"long read RNA-seq"	"/human-donors/ENCDO520EJG/"	"UBERON:0002171"	"lower lobe of right lung"	"tissue"	"Homo sapiens"	NA	NA	NA	NA	NA	NA	NA	NA	NA	NA	"polyadenylated mRNA"	NA	NA	NA	NA	"unstranded"	"2021-06-10"	"ENCODE"	NA	NA	NA	1	"1_1"	NA	NA	NA	NA	NA	NA	"/files/ENCFF767KXS/, /files/gencode.v29.primary_assembly.annotation_UCSC_names/"	30938420	"ENCODE Processing Pipeline"	"3413f6e724ec17eb656dd8c960e9d279"	NA	"https://www.encodeproject.org/files/ENCFF824UPT/@@download/ENCFF824UPT.tsv"	"V29"	NA	NA	"released"	"s3://encode-public/2021/04/07/c3d36135-8900-44d0-9feb-b756b348e92a/ENCFF824UPT.tsv"	"ENCODE4 v2.0.0 GRCh38 V29"	"released"	NA	NA	NA	"lung"
"ENCFF614PTQ"	"tsv"	"tsv"	NA	"transcript quantifications"	"GRCh38"	"ENCSR096QUP"	"long read RNA-seq"	"/human-donors/ENCDO520EJG/"	"UBERON:0002170"	"upper lobe of right lung"	"tissue"	"Homo sapiens"	NA	NA	NA	NA	NA	NA	NA	NA	NA	NA	"polyadenylated mRNA"	NA	NA	NA	NA	"unstranded"	"2021-06-10"	"ENCODE"	NA	NA	NA	1	"1_1"	NA	NA	NA	NA	NA	NA	"/files/gencode.v29.primary_assembly.annotation_UCSC_names/, /files/ENCFF449MVA/"	26751444	"ENCODE Processing Pipeline"	"e30f07e87038d641e0d7d1f070c28caa"	NA	"https://www.encodeproject.org/files/ENCFF614PTQ/@@download/ENCFF614PTQ.tsv"	"V29"	NA	NA	"released"	"s3://encode-public/2021/04/07/a596c913-b937-42d6-acaf-a720bd0b5ee0/ENCFF614PTQ.tsv"	"ENCODE4 v2.0.0 GRCh38 V29"	"released"	NA	NA	NA	"lung"
"ENCFF792FCJ"	"tsv"	"tsv"	NA	"transcript quantifications"	"GRCh38"	"ENCSR986WKB"	"long read RNA-seq"	"/human-donors/ENCDO520EJG/"	"UBERON:0008953"	"lower lobe of left lung"	"tissue"	"Homo sapiens"	NA	NA	NA	NA	NA	NA	NA	NA	NA	NA	"polyadenylated mRNA"	NA	NA	NA	NA	"unstranded"	"2021-02-20"	"ENCODE"	NA	NA	NA	1	"1_1"	NA	NA	NA	NA	NA	NA	"/files/gencode.v29.primary_assembly.annotation_UCSC_names/, /files/ENCFF924HBV/"	17463286	"ENCODE Processing Pipeline"	"db9b2ec9bc729216a5d5d50da259f374"	NA	"https://www.encodeproject.org/files/ENCFF792FCJ/@@download/ENCFF792FCJ.tsv"	"V29"	NA	NA	"released"	"s3://encode-public/2021/01/23/afa212ee-a7fc-45f8-8fbb-e269c34c127e/ENCFF792FCJ.tsv"	"ENCODE4 v2.0.0 GRCh38 V29"	"released"	NA	NA	NA	"lung"
"ENCFF494EBW"	"tsv"	"tsv"	NA	"transcript quantifications"	"GRCh38"	"ENCSR426KOP"	"long read RNA-seq"	"/human-donors/ENCDO392CRK/"	"UBERON:0002168"	"left lung"	"tissue"	"Homo sapiens"	NA	NA	NA	NA	NA	NA	NA	NA	NA	NA	"polyadenylated mRNA"	NA	NA	NA	NA	"unstranded"	"2019-12-19"	"ENCODE"	NA	NA	NA	1	"1_1"	NA	NA	NA	NA	NA	NA	"/files/ENCFF757LOZ/, /files/gencode.v29.primary_assembly.annotation_UCSC_names/"	7113740	"ENCODE Processing Pipeline"	"0f064c54b62cc6911eeae3d8e875514b"	NA	"https://www.encodeproject.org/files/ENCFF494EBW/@@download/ENCFF494EBW.tsv"	"V29"	NA	NA	"released"	"s3://encode-public/2020/08/07/4c216712-84f4-4f4a-a31b-eb021b4c8b72/ENCFF494EBW.tsv"	"ENCODE4 v2.0.0 GRCh38 V29"	"released"	NA	NA	NA	"lung"
"ENCFF112ZCW"	"tsv"	"tsv"	NA	"transcript quantifications"	"GRCh38"	"ENCSR746ITG"	"long read RNA-seq"	"/human-donors/ENCDO575EGL/"	"UBERON:0002168"	"left lung"	"tissue"	"Homo sapiens"	NA	NA	NA	NA	NA	NA	NA	NA	NA	NA	"polyadenylated mRNA"	NA	NA	NA	NA	"unstranded"	"2019-12-19"	"ENCODE"	NA	NA	NA	1	"1_1"	NA	NA	NA	NA	NA	NA	"/files/ENCFF809QBD/, /files/gencode.v29.primary_assembly.annotation_UCSC_names/"	8215732	"ENCODE Processing Pipeline"	"f1d5ed6d5ed7c8e767062e2d1e86321a"	NA	"https://www.encodeproject.org/files/ENCFF112ZCW/@@download/ENCFF112ZCW.tsv"	"V29"	NA	NA	"released"	"s3://encode-public/2020/08/07/816f428b-a606-41b4-883e-a9c188fa3a74/ENCFF112ZCW.tsv"	"ENCODE4 v2.0.0 GRCh38 V29"	"released"	NA	NA	NA	"lung"
"ENCFF926LNM"	"tsv"	"tsv"	NA	"transcript quantifications"	"GRCh38"	"ENCSR261GOA"	"long read RNA-seq"	"/human-donors/ENCDO856ZOJ/"	"UBERON:0008953"	"lower lobe of left lung"	"tissue"	"Homo sapiens"	NA	NA	NA	NA	NA	NA	NA	NA	NA	NA	"polyadenylated mRNA"	NA	NA	NA	NA	"unstranded"	"2020-07-30"	"ENCODE"	NA	NA	NA	1	"1_1"	NA	NA	NA	NA	NA	NA	"/files/gencode.v29.primary_assembly.annotation_UCSC_names/, /files/ENCFF779VVX/"	26285708	"ENCODE Processing Pipeline"	"6a817ace0dfd650f1c0bdb8ae6ec1906"	NA	"https://www.encodeproject.org/files/ENCFF926LNM/@@download/ENCFF926LNM.tsv"	"V29"	NA	NA	"released"	"s3://encode-public/2020/07/25/4e214ecd-7b70-4538-90c1-86b99fdf5459/ENCFF926LNM.tsv"	"ENCODE4 v2.0.0 GRCh38 V29"	"released"	NA	NA	NA	"lung"
"ENCFF102ZHS"	"tsv"	"tsv"	NA	"transcript quantifications"	"GRCh38"	"ENCSR309IKK"	"long read RNA-seq"	"/human-donors/ENCDO882UJI/"	"EFO:0009747"	"WTC11"	"cell line"	"Homo sapiens"	NA	NA	NA	NA	NA	NA	NA	NA	NA	NA	"capped mRNA"	NA	NA	NA	NA	"unstranded"	"04/05/2021"	"community"	NA	NA	NA	2	"2_1"	NA	NA	NA	NA	NA	NA	"/files/ENCFF586RUA/, /files/gencode.v29.primary_assembly.annotation_UCSC_names/"	7489301	"ENCODE Processing Pipeline"	"4ce7dfacd5163d3753b54e5b8696aaed"	NA	"https://www.encodeproject.org/files/ENCFF102ZHS/@@download/ENCFF102ZHS.tsv"	"V29"	NA	NA	"released"	"s3://encode-public/2021/09/27/cf4a2b60-3e1b-4432-85f0-65228c2af57b/ENCFF102ZHS.tsv"	"ENCODE4 v2.0.0 GRCh38 V29"	"released"	NA	""	NA	"skin"
"ENCFF339ROG"	"tsv"	"tsv"	NA	"transcript quantifications"	"GRCh38"	"ENCSR309IKK"	"long read RNA-seq"	"/human-donors/ENCDO882UJI/"	"EFO:0009747"	"WTC11"	"cell line"	"Homo sapiens"	NA	NA	NA	NA	NA	NA	NA	NA	NA	NA	"capped mRNA"	NA	NA	NA	NA	"unstranded"	"04/05/2021"	"community"	NA	NA	NA	1	"1_1"	NA	NA	NA	NA	NA	NA	"/files/ENCFF041RNG/, /files/gencode.v29.primary_assembly.annotation_UCSC_names/"	8260058	"ENCODE Processing Pipeline"	"46b5759e35ba54f693fa3100f0ddf9b4"	NA	"https://www.encodeproject.org/files/ENCFF339ROG/@@download/ENCFF339ROG.tsv"	"V29"	NA	NA	"released"	"s3://encode-public/2021/09/27/052c7fd5-e9e2-4222-b8c4-ad108dcf3c01/ENCFF339ROG.tsv"	"ENCODE4 v2.0.0 GRCh38 V29"	"released"	NA	""	NA	"skin"
"ENCFF820FIC"	"tsv"	"tsv"	NA	"transcript quantifications"	"GRCh38"	"ENCSR309IKK"	"long read RNA-seq"	"/human-donors/ENCDO882UJI/"	"EFO:0009747"	"WTC11"	"cell line"	"Homo sapiens"	NA	NA	NA	NA	NA	NA	NA	NA	NA	NA	"capped mRNA"	NA	NA	NA	NA	"unstranded"	"04/05/2021"	"community"	NA	NA	NA	3	"3_1"	NA	NA	NA	NA	NA	NA	"/files/ENCFF866EVJ/, /files/gencode.v29.primary_assembly.annotation_UCSC_names/"	10021908	"ENCODE Processing Pipeline"	"536463305b123f18ff8b93a73fbcb754"	NA	"https://www.encodeproject.org/files/ENCFF820FIC/@@download/ENCFF820FIC.tsv"	"V29"	NA	NA	"released"	"s3://encode-public/2021/09/27/0a8df906-8ec5-40f1-b131-d66c7ad7df7c/ENCFF820FIC.tsv"	"ENCODE4 v2.0.0 GRCh38 V29"	"released"	NA	""	NA	"skin"
"ENCFF803XYM"	"tsv"	"tsv"	NA	"transcript quantifications"	"GRCh38"	"ENCSR507JOF"	"long read RNA-seq"	"/human-donors/ENCDO882UJI/"	"EFO:0009747"	"WTC11"	"cell line"	"Homo sapiens"	NA	NA	NA	NA	NA	NA	NA	NA	NA	NA	"polyadenylated mRNA"	NA	NA	NA	NA	"unstranded"	"04/05/2021"	"ENCODE"	NA	NA	NA	1	"1_1"	NA	NA	NA	NA	NA	NA	"/files/gencode.v29.primary_assembly.annotation_UCSC_names/, /files/ENCFF373TKM/"	33895273	"ENCODE Processing Pipeline"	"c122cfd4c1e6cbdd0bc7a3a21292e562"	NA	"https://www.encodeproject.org/files/ENCFF803XYM/@@download/ENCFF803XYM.tsv"	"V29"	NA	NA	"released"	"s3://encode-public/2021/09/27/2dbe0ec8-9260-46ce-9d4e-3d88b9355a1a/ENCFF803XYM.tsv"	"ENCODE4 v2.0.0 GRCh38 V29"	"released"	NA	""	NA	"skin"
"ENCFF486EKE"	"tsv"	"tsv"	NA	"transcript quantifications"	"GRCh38"	"ENCSR507JOF"	"long read RNA-seq"	"/human-donors/ENCDO882UJI/"	"EFO:0009747"	"WTC11"	"cell line"	"Homo sapiens"	NA	NA	NA	NA	NA	NA	NA	NA	NA	NA	"polyadenylated mRNA"	NA	NA	NA	NA	"unstranded"	"04/05/2021"	"ENCODE"	NA	NA	NA	3	"3_1"	NA	NA	NA	NA	NA	NA	"/files/gencode.v29.primary_assembly.annotation_UCSC_names/, /files/ENCFF388HXU/"	36898333	"ENCODE Processing Pipeline"	"0f66575306c109c11cf1488c337fce55"	NA	"https://www.encodeproject.org/files/ENCFF486EKE/@@download/ENCFF486EKE.tsv"	"V29"	NA	NA	"released"	"s3://encode-public/2021/09/27/5197ba55-ba0a-4cbf-a496-0fcd4103a5df/ENCFF486EKE.tsv"	"ENCODE4 v2.0.0 GRCh38 V29"	"released"	NA	""	NA	"skin"
"ENCFF527KWD"	"tsv"	"tsv"	NA	"transcript quantifications"	"GRCh38"	"ENCSR507JOF"	"long read RNA-seq"	"/human-donors/ENCDO882UJI/"	"EFO:0009747"	"WTC11"	"cell line"	"Homo sapiens"	NA	NA	NA	NA	NA	NA	NA	NA	NA	NA	"polyadenylated mRNA"	NA	NA	NA	NA	"unstranded"	"04/05/2021"	"ENCODE"	NA	NA	NA	2	"2_1"	NA	NA	NA	NA	NA	NA	"/files/gencode.v29.primary_assembly.annotation_UCSC_names/, /files/ENCFF985LGZ/"	21042167	"ENCODE Processing Pipeline"	"2f38cf227b11f8c45d8439d95ccc6cc4"	NA	"https://www.encodeproject.org/files/ENCFF527KWD/@@download/ENCFF527KWD.tsv"	"V29"	NA	NA	"released"	"s3://encode-public/2021/09/27/33db43ea-8792-4aea-84ca-417cfd337c6a/ENCFF527KWD.tsv"	"ENCODE4 v2.0.0 GRCh38 V29"	"released"	NA	""	NA	"skin"
"ENCFF674UAX"	"tsv"	"tsv"	NA	"transcript quantifications"	"GRCh38"	"ENCSR676IWT"	"long read RNA-seq"	"/human-donors/ENCDO336AAA/"	"EFO:0007950"	"GM23338"	"cell line"	"Homo sapiens"	NA	NA	NA	NA	NA	NA	NA	NA	NA	NA	"polyadenylated mRNA"	NA	NA	NA	NA	"unstranded"	"30/07/2020"	"ENCODE"	NA	NA	NA	1	"1_1"	NA	NA	NA	NA	NA	NA	"/files/ENCFF049QGQ/, /files/gencode.v29.primary_assembly.annotation_UCSC_names/"	9458015	"ENCODE Processing Pipeline"	"7d99643e6300d61184f8cd40204764ed"	NA	"https://www.encodeproject.org/files/ENCFF674UAX/@@download/ENCFF674UAX.tsv"	"V29"	NA	NA	"released"	"s3://encode-public/2020/07/25/410a96f8-da48-4a7e-b267-3d9ede4d59b9/ENCFF674UAX.tsv"	"ENCODE4 v2.0.0 GRCh38 V29"	"released"	NA	"unreplicated experiment"	NA	"skin"
"ENCFF601XDB"	"tsv"	"tsv"	NA	"transcript quantifications"	"GRCh38"	"ENCSR676IWT"	"long read RNA-seq"	"/human-donors/ENCDO336AAA/"	"EFO:0007950"	"GM23338"	"cell line"	"Homo sapiens"	NA	NA	NA	NA	NA	NA	NA	NA	NA	NA	"polyadenylated mRNA"	NA	NA	NA	NA	"unstranded"	"30/07/2020"	"ENCODE"	NA	NA	NA	1	"1_2"	NA	NA	NA	NA	NA	NA	"/files/gencode.v29.primary_assembly.annotation_UCSC_names/, /files/ENCFF846YHI/"	9234653	"ENCODE Processing Pipeline"	"8c662c4098c9a38a11463acd6114a1d9"	NA	"https://www.encodeproject.org/files/ENCFF601XDB/@@download/ENCFF601XDB.tsv"	"V29"	NA	NA	"released"	"s3://encode-public/2020/07/25/72214204-9602-4397-a8f0-bce143b391a9/ENCFF601XDB.tsv"	"ENCODE4 v2.0.0 GRCh38 V29"	"released"	NA	"unreplicated experiment"	NA	"skin"
